Workbook

Sheet Hướng dẫn
A1: RUBRIC ĐÁNH GIÁ HỌC PHẦN - CƠ SỞ VĂN HÓA VIỆT NAM (112317)
A2: Đánh giá theo 3 thành phần: A1 Quá trình 30%, A2 Giữa kỳ (Portfolio) 30%, A3 Cuối kỳ (báo cáo dự án video) 40%
A4: Cấu trúc
A5: - A1 Quá trình (30%): 6 tiêu chí, thang 10. Cả 6 buổi; chốt sau buổi 4 (kịch bản) và buổi 5 (thực địa)
A6: - A2 Giữa kỳ (Portfolio) (30%): 8 tiêu chí, thang 10. Buổi 2 (nhóm 1–6) và buổi 3 (nhóm 7–12)
A7: - A3 Cuối kỳ (Dự án video) (40%): 9 tiêu chí, thang 10. Buổi 6: chiếu video, trình bày 5 phút và vấn đáp 3 phút mỗi nhóm
A8: - Mức chấm (hệ số): Chưa đạt 0–0.4; Đạt yêu cầu 0.5–0.6; Tốt 0.7–0.8; Xuất sắc 0.9–1. Điểm tiêu chí = hệ số × trọng số.
A9: - Quy tắc: Vi phạm nghiêm trọng tiêu chí 3.1 (xúc phạm di sản, quay khi không được phép) → tiêu chí A3.2.1, A3.2.2 tối đa hệ số 0.6. Ghi 'x' ở cột vi phạm của sheet A3.
A10: - Phạm vi 'Nhóm': chấm trên sản phẩm chung, thường cùng hệ số cho cả nhóm; 'Cá nhân': chấm riêng từng sinh viên.
A11: - Mọi sản phẩm nộp đều kèm các prompt AI đã dùng.
A13: Điểm theo CLO và ngưỡng đạt
A14: - Điểm tối đa của CLO trên thang học phần (đã nhân tỷ trọng thành phần): CLO1 2.4; CLO2 2.65; CLO3 4.05. Phần còn lại (0.9) thuộc các tiêu chí không gắn CLO.
... A22: 5. Có thể chấm trên trang web cham-diem.html của học phần rồi xuất Excel.

Sheet Rubric
A1: Mã | B1: Tiêu chí | C1: CLO (trọng số) | D1: Phạm vi | E1: Trọng số | F1: Chưa đạt (0–0.4) | G1: Đạt yêu cầu (0.5–0.6) | H1: Tốt (0.7–0.8) | I1: Xuất sắc (0.9–1) | J1: Gợi ý chấm | K1: Minh chứng
A2: A1. Quá trình - 30% điểm học phần, thang 10 · Cả 6 buổi; chốt sau buổi 4 (kịch bản) và buổi 5 (thực địa)
A3: 1 | B3: Chuyên cần, đúng giờ (cả buổi thực địa) | C3: CLO3 (1.5) | D3: Cá nhân | E3: 1.5 | F3: Vắng >20% hoặc vắng buổi thực địa không phép | G3: Vắng ≤20%; trễ nhiều lần | H3: Đi đủ; trễ không quá 1 lần | I3: Đi đủ, đúng giờ toàn bộ | J3: Lấy từ điểm danh 6 buổi; buổi 5 (thực địa) điểm danh tại địa điểm quay. | K3: Danh sách điểm danh trên LMS/giấy; điểm danh tại thực địa.
A4: 2 | B4: Tinh thần tham gia (phát biểu, chấm chéo, góp ý, phản biện) | C4: CLO3 (2) | D4: Cá nhân | E4: 2 | F4: Không tham gia | G4: Tham gia khi được gọi | H4: Chủ động, chấm chéo nghiêm túc | I4: Đóng góp ý có chất lượng | J4: Ghi nhận phát biểu ở phần thảo luận, phiếu chấm chéo buổi 2–3 và góp ý ở workshop kịch bản buổi 4. | K4: Phiếu chấm chéo; bài đăng diễn đàn; ghi chú của giảng viên.
A5: 3 | B5: Ứng xử văn hóa trong lớp, nhóm và tại thực địa | C5: CLO3 (2) | D5: Cá nhân | E5: 2 | F5: Thiếu tôn trọng; vi phạm quy định nơi tham quan | G5: Đúng mực nhưng hợp tác yếu | H5: Tôn trọng, hợp tác tốt | I5: Ứng xử mẫu mực, hỗ trợ bạn bè | J5: Quan sát trên lớp và tại thực địa; tham khảo đánh giá chéo trong nhóm khi có mâu thuẫn. | K5: Ghi chú của giảng viên; phản ánh của nơi quay (nếu có).
A6: 4 | B6: Đúng hạn và trung thực | C6: CLO3 (1.5) | D6: Cá nhân | E6: 1.5 | F6: Trễ hạn nhiều lần hoặc sao chép | G6: Trễ 1–2 lần | H6: Đúng hạn, có ghi nguồn | I6: Luôn đúng hạn, ghi nguồn chuẩn | J6: Đối chiếu thời gian nộp trên LMS; kiểm tra ghi nguồn tư liệu, ảnh và prompt AI đã dùng. | K6: Lịch sử nộp bài trên LMS; danh mục nguồn và prompt AI trong sản phẩm.
A7: 5 | B7: Bài tập nhỏ trên lớp/LMS | C7: CLO1 (1) | D7: Cá nhân | E7: 1 | F7: Đúng <50% | G7: Đúng 50–64% | H7: Đúng 65–84% | I7: Đúng ≥85%, vận dụng tốt | J7: Trung bình tỷ lệ đúng của các quiz bài học và trắc nghiệm ôn tập buổi 3; hệ số lấy theo tỷ lệ đúng. | K7: Kết quả quiz trên LMS; kết quả Kahoot buổi 3.
A8: 6 | B8: Kịch bản quay (bản đã sửa theo góp ý buổi 4) | C8: CLO2 (1) + CLO3 (1) | D8: Nhóm | E8: 2 | F8: Không nộp; sơ sài; không qua checklist văn hóa | G8: Đủ cấu trúc nhưng còn chung chung; shot list thiếu | H8: Rõ hook – câu chuyện – giá trị; shot list khả thi; đạt checklist | I8: Sáng tạo, chi tiết đến từng cảnh; sửa tốt theo góp ý | J8: Chấm bản kịch bản nộp sau buổi 4, so với góp ý ở workshop. Trọng số chia đều CLO2 (1) và CLO3 (1). | K8: Google Doc kịch bản + danh sách cảnh quay; Checklist văn hóa đã đối chiếu.
A9: A2. Giữa kỳ (Portfolio) - 30% điểm học phần, thang 10 · Buổi 2 (nhóm 1–6) và buổi 3 (nhóm 7–12)
A10: 1 | B10: Phân tích sản phẩm văn hóa theo thành tố/vùng văn hóa | C10: CLO1 (2) | D10: Nhóm | E10: 2 | F10: Xếp sai thành tố/vùng; chỉ mô tả bề ngoài | G10: Xếp đúng nhưng giải thích giá trị còn chung chung | H10: Phân tích đúng giá trị, gắn với đặc trưng thành tố/vùng | I10: Phân tích sâu, liên hệ được quy luật (tiếp biến, loại hình gốc nông nghiệp) | J10: Kiểm tra sản phẩm được xếp đúng thành tố (buổi 2) hoặc vùng (buổi 3) và lý giải được giá trị. | K10: Slide/ePortfolio của nhóm.
A11: 2 | B11: Tư liệu và trích dẫn nguồn | C11: CLO1 (1) | D11: Nhóm | E11: 1 | F11: Không có nguồn hoặc thông tin sai | G11: Có nguồn nhưng thiếu nguồn uy tín | H11: Dẫn giáo trình + nguồn uy tín, thông tin chính xác | I11: Nhiều nguồn uy tín, đối chiếu và ghi nguồn chuẩn | J11: Xem slide nguồn/tài liệu tham khảo; kiểm tra ngẫu nhiên 1–2 thông tin. | K11: Slide tài liệu tham khảo; chú thích nguồn ảnh.
A12: 3 | B12: Ý tưởng chuyển hóa chất liệu thành sản phẩm truyền thông | C12: CLO2 (1.5) | D12: Nhóm | E12: 1.5 | F12: Không có đề xuất ứng dụng | G12: Có đề xuất nhưng chung chung | H12: Đề xuất cụ thể (định dạng, kênh, cách kể) | I12: Đề xuất sáng tạo, khả thi, có giá trị khác biệt | J12: Nhóm phải có ít nhất một slide đề xuất: định dạng, kênh, cách kể. | K12: Slide đề xuất ứng dụng.
A13: 4 | B13: Thiết kế slide/ePortfolio | C13: CLO2 (1) | D13: Nhóm | E13: 1 | F13: Rối, nhiều chữ, ảnh kém | G13: Đủ nội dung, trình bày đơn điệu | H13: Bố cục rõ, hình ảnh tốt, chữ đủ lớn | I13: Có tính thẩm mỹ cao, bản sắc thị giác phù hợp chủ đề | J13: Chỉ chấm hình thức thị giác; nội dung đã chấm ở 1–3. | K13: File slide/link ePortfolio.
A14: 5 | B14: Lý do lựa chọn và thái độ với di sản | C14: CLO3 (1.5) | D14: Nhóm | E14: 1.5 | F14: Có chi tiết xuyên tạc hoặc thiếu tôn trọng; dùng ảnh không rõ nguồn | G14: Thái độ đúng mực, lý do lựa chọn mờ nhạt | H14: Lý do rõ, thể hiện sự trân trọng; ghi nguồn ảnh | I14: Truyền được niềm tự hào; tôn trọng khác biệt vùng miền | J14: Chú ý cách gọi tên, hình ảnh minh họa và ảnh AI: có làm sai lệch hay rập khuôn không. | K14: Slide/ePortfolio; prompt AI đã dùng.
A15: 6 | B15: Trình bày – Cấu trúc và thời gian | C15: Không gắn CLO | D15: Nhóm | E15: 1 | F15: Lộn xộn; vượt quá 7 phút | G15: Có cấu trúc nhưng chưa mạch lạc; lệch ±2 phút | H15: Mạch lạc; đúng 5 phút ±1 | I15: Mở – thân – kết cuốn hút; đúng thời gian | J15: Bấm giờ 5 phút cho mỗi nhóm. | K15: Ghi chú bấm giờ.
A16: 7 | B16: Trình bày – Kỹ năng thuyết trình và phối hợp nhóm | C16: Không gắn CLO | D16: Nhóm | E16: 1 | F16: Đọc slide; một người nói thay cả nhóm | G16: Nói rõ nhưng thiếu tương tác | H16: Tự tin, giao tiếp mắt; 3 thành viên cùng tham gia | I16: Truyền cảm, tương tác tốt với lớp; chuyển giao giữa thành viên mượt | J16: Thành viên không tham gia trình bày: chấm riêng, hạ mức. | K16: Quan sát trực tiếp; phiếu chấm chéo.
A17: 8 | B17: Trình bày – Trả lời câu hỏi | C17: Không gắn CLO | D17: Nhóm | E17: 1 | F17: Không trả lời được hoặc trả lời sai | G17: Trả lời được một phần | H17: Trả lời đúng, rõ ràng | I17: Trả lời sắc, có dẫn chứng, mở rộng vấn đề | J17: Hỏi 2–3 câu; có thể chỉ định thành viên trả lời và chấm riêng. | K17: Ghi chú câu hỏi và câu trả lời.
A18: A3. Cuối kỳ (Dự án video) - 40% điểm học phần, thang 10 · Buổi 6: chiếu video, trình bày 5 phút và vấn đáp 3 phút mỗi nhóm
A19: 1.1 | B19: Cơ sở văn hóa trong báo cáo (giá trị, thành tố, vùng văn hóa của sản phẩm gốm/hiện vật) | C19: CLO1 (1.5) | D19: Nhóm | E19: 1.5 | F19: Không phân tích hoặc phân tích sai | G19: Mô tả đúng nhưng thiếu phân tích | H19: Phân tích đúng, dẫn giáo trình | I19: Phân tích sâu, liên hệ quy luật và bối cảnh truyền thông số | J19: Đọc mục Cơ sở văn hóa của báo cáo. | K19: Báo cáo (pdf), mục Cơ sở văn hóa và tài liệu tham khảo.
A20: 1.2 | B20: Độ chính xác thông tin trong video | C20: CLO1 (1) | D20: Nhóm | E20: 1 | F20: Có lỗi kiến thức nghiêm trọng | G20: Có lỗi nhỏ | H20: Chính xác; có chú thích khi cần | I20: Chính xác tuyệt đối; nguồn ghi rõ trong video/caption | J20: Xem video, ghi lại mọi thông tin dữ kiện (niên đại, tên gọi, ý nghĩa) và đối chiếu. | K20: Video (mp4); caption bài đăng.
A21: 1.3 | B21: Vấn đáp kiến thức (cá nhân) | C21: CLO1 (0.5) | D21: Cá nhân | E21: 0.5 | F21: Không trả lời được | G21: Trả lời đúng một phần | H21: Trả lời đúng, rõ | I21: Trả lời sâu, liên hệ được kiến thức cả môn | J21: Mỗi thành viên ít nhất 1 câu hỏi kiến thức trong 3 phút vấn đáp. | K21: Ghi chú vấn đáp.
A22: 2.1 | B22: Ý tưởng và câu chuyện (hook, chuyển hóa chất liệu thành câu chuyện) | C22: CLO2 (1.5) | D22: Nhóm | E22: 1.5 | F22: Không có ý tưởng; chỉ quay lướt | G22: Có câu chuyện nhưng nhạt, hook yếu | H22: Câu chuyện rõ, hook tốt, chất liệu văn hóa là trung tâm | I22: Sáng tạo, cảm xúc, khác biệt, có “phần hồn” | J22: Bị giới hạn tối đa 0,6 nếu vi phạm nghiêm trọng tiêu chí 3.1. | K22: Video; kịch bản đã duyệt.
A23: 2.2 | B23: Kỹ thuật quay và dựng (hình, âm thanh, nhịp, phụ đề) | C23: CLO2 (1.5) | D23: Nhóm | E23: 1.5 | F23: Hình rung, mờ; âm thanh hỏng | G23: Xem được nhưng dựng thô | H23: Hình ảnh đẹp, nhịp tốt, có phụ đề | I23: Chất lượng gần chuyên nghiệp; màu, âm thanh, chuyển cảnh tinh tế | J23: Bị giới hạn tối đa 0,6 nếu vi phạm nghiêm trọng tiêu chí 3.1. | K23: Video (mp4) bản gốc.
A24: 2.3 | B24: Đăng bài và phân tích kết quả (caption, hashtag, đọc chỉ số, đọc bình luận, rút kinh nghiệm) | C24: CLO2 (1) | D24: Nhóm | E24: 1 | F24: Không đăng hoặc không có số liệu | G24: Có số liệu nhưng không phân tích | H24: Phân tích số liệu và bình luận, rút được bài học | I24: Phân tích sắc, đề xuất cải tiến cụ thể cho lần sau | J24: Đối chiếu số liệu trong báo cáo với ảnh chụp trang thống kê của bài đăng. | K24: Link bài đăng; ảnh chụp chỉ số; mục Kết quả sau đăng của báo cáo.
A25: 3.1 | B25: Tuân thủ Checklist văn hóa và đạo đức nghề (xin phép, bản quyền nhạc, tôn trọng di sản) | C25: CLO3 (1.5) | D25: Nhóm | E25: 1.5 | F25: Vi phạm checklist hoặc quyền hình ảnh, bản quyền | G25: Đạt checklist nhưng thiếu minh chứng | H25: Đạt đủ checklist, có minh chứng xin phép | I25: Đạt đủ, minh chứng đầy đủ, xử lý tốt tình huống phát sinh | J25: Kiểm tra Checklist văn hóa đã đánh dấu, giấy xin phép quay, nguồn nhạc. Vi phạm nghiêm trọng (xúc phạm di sản, quay khi không được phép) thì đánh dấu ô vi phạm để giới hạn 2.1 và 2.2. | K25: Checklist đã đánh dấu; giấy xin phép; nguồn/giấy phép nhạc.
A26: 3.2 | B26: Thông điệp tôn vinh bản sắc; phản hồi bình luận văn minh | C26: CLO3 (1) | D26: Nhóm | E26: 1 | F26: Thông điệp lệch, phản cảm hoặc giật gân | G26: Thông điệp đúng nhưng mờ | H26: Thông điệp tích cực, rõ; phản hồi bình luận lịch sự | I26: Lan tỏa niềm tự hào; ứng xử mẫu mực với bình luận trái chiều | J26: Xem thông điệp kết video và các phản hồi bình luận của nhóm trên bài đăng. | K26: Video; ảnh chụp phần bình luận và phản hồi.
A27: 3.3 | B27: Rút kinh nghiệm cá nhân 1 trang (vấn đề – giải pháp) | C27: CLO3 (0.5) | D27: Cá nhân | E27: 0.5 | F27: Không nộp hoặc sơ sài | G27: Kể lại quá trình | H27: Nêu được thay đổi nhận thức về văn hóa | I27: Nêu được cam kết cụ thể khi đăng bài từ nay | J27: Chấm riêng từng sinh viên. | K27: Google Doc phản tư cá nhân.
A28: Lưu ý: Vi phạm nghiêm trọng tiêu chí 3.1 (xúc phạm di sản, quay khi không được phép) → A3.2.1, A3.2.2 tối đa hệ số 0.6.

Sheet Danh sách
A1: Nhập danh sách sinh viên tại đây; các sheet khác lấy theo cùng dòng.
A3: STT | B3: MSSV | C3: Họ và tên | D3: Nhóm
A4: 1
A5: 2
A6: 3
A7: 4
A8: 5
A9: 6
A10: 7
A11: 8
A12: 9
A13: 10
A14: 11
A15: 12
... A63: 60

Sheet A1 Quá trình
A1: STT | B1: MSSV | C1: Họ và tên | D1: Nhóm | E1: A1. Quá trình - nhập hệ số 0–1 (30% điểm học phần) | K1: Điểm A1 (/10) | L1: CLO1 trong A1 | M1: CLO2 trong A1 | N1: CLO3 trong A1 | O1: Ghi chú
E2: 1. Chuyên cần, đúng giờ (cả buổi thực địa) (CN) | F2: 2. Tinh thần tham gia (phát biểu, chấm chéo, góp ý, phản biện) (CN) | G2: 3. Ứng xử văn hóa trong lớp, nhóm và tại thực địa (CN) | H2: 4. Đúng hạn và trung thực (CN) | I2: 5. Bài tập nhỏ trên lớp/LMS (CN) | J2: 6. Kịch bản quay (bản đã sửa theo góp ý buổi 4)
E3: ×1.5 · CLO3 (1.5) | F3: ×2 · CLO3 (2) | G3: ×2 · CLO3 (2) | H3: ×1.5 · CLO3 (1.5) | I3: ×1 · CLO1 (1) | J3: ×2 · CLO2 (1) + CLO3 (1) | K3: 10 | L3: 1 | M3: 1 | N3: 8
A4: 1 | B4: =IF('Danh sách'!B4="","",'Danh sách'!B4) | C4: =IF('Danh sách'!C4="","",'Danh sách'!C4) | D4: =IF('Danh sách'!D4="","",'Danh sách'!D4) | K4: =IF(COUNT(E4:J4)=6,ROUND(1.5*E4+2*F4+2*G4+1.5*H4+1*I4+2*J4,2),"") | L4: =IF(COUNT(E4:J4)=6,ROUND(1*I4,2),"") | M4: =IF(COUNT(E4:J4)=6,ROUND(1*J4,2),"") | N4: =IF(COUNT(E4:J4)=6,ROUND(1.5*E4+2*F4+2*G4+1.5*H4+1*J4,2),"")
A5: 2 | B5: =IF('Danh sách'!B5="","",'Danh sách'!B5) | C5: =IF('Danh sách'!C5="","",'Danh sách'!C5) | D5: =IF('Danh sách'!D5="","",'Danh sách'!D5) | K5: =IF(COUNT(E5:J5)=6,ROUND(1.5*E5+2*F5+2*G5+1.5*H5+1*I5+2*J5,2),"") | L5: =IF(COUNT(E5:J5)=6,ROUND(1*I5,2),"") | M5: =IF(COUNT(E5:J5)=6,ROUND(1*J5,2),"") | N5: =IF(COUNT(E5:J5)=6,ROUND(1.5*E5+2*F5+2*G5+1.5*H5+1*J5,2),"")
A6: 3 | B6: =IF('Danh sách'!B6="","",'Danh sách'!B6) | C6: =IF('Danh sách'!C6="","",'Danh sách'!C6) | D6: =IF('Danh sách'!D6="","",'Danh sách'!D6) | K6: =IF(COUNT(E6:J6)=6,ROUND(1.5*E6+2*F6+2*G6+1.5*H6+1*I6+2*J6,2),"") | L6: =IF(COUNT(E6:J6)=6,ROUND(1*I6,2),"") | M6: =IF(COUNT(E6:J6)=6,ROUND(1*J6,2),"") | N6: =IF(COUNT(E6:J6)=6,ROUND(1.5*E6+2*F6+2*G6+1.5*H6+1*J6,2),"")
A7: 4 | B7: =IF('Danh sách'!B7="","",'Danh sách'!B7) | C7: =IF('Danh sách'!C7="","",'Danh sách'!C7) | D7: =IF('Danh sách'!D7="","",'Danh sách'!D7) | K7: =IF(COUNT(E7:J7)=6,ROUND(1.5*E7+2*F7+2*G7+1.5*H7+1*I7+2*J7,2),"") | L7: =IF(COUNT(E7:J7)=6,ROUND(1*I7,2),"") | M7: =IF(COUNT(E7:J7)=6,ROUND(1*J7,2),"") | N7: =IF(COUNT(E7:J7)=6,ROUND(1.5*E7+2*F7+2*G7+1.5*H7+1*J7,2),"")
A8: 5 | B8: =IF('Danh sách'!B8="","",'Danh sách'!B8) | C8: =IF('Danh sách'!C8="","",'Danh sách'!C8) | D8: =IF('Danh sách'!D8="","",'Danh sách'!D8) | K8: =IF(COUNT(E8:J8)=6,ROUND(1.5*E8+2*F8+2*G8+1.5*H8+1*I8+2*J8,2),"") | L8: =IF(COUNT(E8:J8)=6,ROUND(1*I8,2),"") | M8: =IF(COUNT(E8:J8)=6,ROUND(1*J8,2),"") | N8: =IF(COUNT(E8:J8)=6,ROUND(1.5*E8+2*F8+2*G8+1.5*H8+1*J8,2),"")
A9: 6 | B9: =IF('Danh sách'!B9="","",'Danh sách'!B9) | C9: =IF('Danh sách'!C9="","",'Danh sách'!C9) | D9: =IF('Danh sách'!D9="","",'Danh sách'!D9) | K9: =IF(COUNT(E9:J9)=6,ROUND(1.5*E9+2*F9+2*G9+1.5*H9+1*I9+2*J9,2),"") | L9: =IF(COUNT(E9:J9)=6,ROUND(1*I9,2),"") | M9: =IF(COUNT(E9:J9)=6,ROUND(1*J9,2),"") | N9: =IF(COUNT(E9:J9)=6,ROUND(1.5*E9+2*F9+2*G9+1.5*H9+1*J9,2),"")
A10: 7 | B10: =IF('Danh sách'!B10="","",'Danh sách'!B10) | C10: =IF('Danh sách'!C10="","",'Danh sách'!C10) | D10: =IF('Danh sách'!D10="","",'Danh sách'!D10) | K10: =IF(COUNT(E10:J10)=6,ROUND(1.5*E10+2*F10+2*G10+1.5*H10+1*I10+2*J10,2),"") | L10: =IF(COUNT(E10:J10)=6,ROUND(1*I10,2),"") | M10: =IF(COUNT(E10:J10)=6,ROUND(1*J10,2),"") | N10: =IF(COUNT(E10:J10)=6,ROUND(1.5*E10+2*F10+2*G10+1.5*H10+1*J10,2),"")
A11: 8 | B11: =IF('Danh sách'!B11="","",'Danh sách'!B11) | C11: =IF('Danh sách'!C11="","",'Danh sách'!C11) | D11: =IF('Danh sách'!D11="","",'Danh sách'!D11) | K11: =IF(COUNT(E11:J11)=6,ROUND(1.5*E11+2*F11+2*G11+1.5*H11+1*I11+2*J11,2),"") | L11: =IF(COUNT(E11:J11)=6,ROUND(1*I11,2),"") | M11: =IF(COUNT(E11:J11)=6,ROUND(1*J11,2),"") | N11: =IF(COUNT(E11:J11)=6,ROUND(1.5*E11+2*F11+2*G11+1.5*H11+1*J11,2),"")
A12: 9 | B12: =IF('Danh sách'!B12="","",'Danh sách'!B12) | C12: =IF('Danh sách'!C12="","",'Danh sách'!C12) | D12: =IF('Danh sách'!D12="","",'Danh sách'!D12) | K12: =IF(COUNT(E12:J12)=6,ROUND(1.5*E12+2*F12+2*G12+1.5*H12+1*I12+2*J12,2),"") | L12: =IF(COUNT(E12:J12)=6,ROUND(1*I12,2),"") | M12: =IF(COUNT(E12:J12)=6,ROUND(1*J12,2),"") | N12: =IF(COUNT(E12:J12)=6,ROUND(1.5*E12+2*F12+2*G12+1.5*H12+1*J12,2),"")
A13: 10 | B13: =IF('Danh sách'!B13="","",'Danh sách'!B13) | C13: =IF('Danh sách'!C13="","",'Danh sách'!C13) | D13: =IF('Danh sách'!D13="","",'Danh sách'!D13) | K13: =IF(COUNT(E13:J13)=6,ROUND(1.5*E13+2*F13+2*G13+1.5*H13+1*I13+2*J13,2),"") | L13: =IF(COUNT(E13:J13)=6,ROUND(1*I13,2),"") | M13: =IF(COUNT(E13:J13)=6,ROUND(1*J13,2),"") | N13: =IF(COUNT(E13:J13)=6,ROUND(1.5*E13+2*F13+2*G13+1.5*H13+1*J13,2),"")
A14: 11 | B14: =IF('Danh sách'!B14="","",'Danh sách'!B14) | C14: =IF('Danh sách'!C14="","",'Danh sách'!C14) | D14: =IF('Danh sách'!D14="","",'Danh sách'!D14) | K14: =IF(COUNT(E14:J14)=6,ROUND(1.5*E14+2*F14+2*G14+1.5*H14+1*I14+2*J14,2),"") | L14: =IF(COUNT(E14:J14)=6,ROUND(1*I14,2),"") | M14: =IF(COUNT(E14:J14)=6,ROUND(1*J14,2),"") | N14: =IF(COUNT(E14:J14)=6,ROUND(1.5*E14+2*F14+2*G14+1.5*H14+1*J14,2),"")
A15: 12 | B15: =IF('Danh sách'!B15="","",'Danh sách'!B15) | C15: =IF('Danh sách'!C15="","",'Danh sách'!C15) | D15: =IF('Danh sách'!D15="","",'Danh sách'!D15) | K15: =IF(COUNT(E15:J15)=6,ROUND(1.5*E15+2*F15+2*G15+1.5*H15+1*I15+2*J15,2),"") | L15: =IF(COUNT(E15:J15)=6,ROUND(1*I15,2),"") | M15: =IF(COUNT(E15:J15)=6,ROUND(1*J15,2),"") | N15: =IF(COUNT(E15:J15)=6,ROUND(1.5*E15+2*F15+2*G15+1.5*H15+1*J15,2),"")
... A63: 60 | B63: =IF('Danh sách'!B63="","",'Danh sách'!B63) | C63: =IF('Danh sách'!C63="","",'Danh sách'!C63) | D63: =IF('Danh sách'!D63="","",'Danh sách'!D63) | K63: =IF(COUNT(E63:J63)=6,ROUND(1.5*E63+2*F63+2*G63+1.5*H63+1*I63+2*J63,2),"") | L63: =IF(COUNT(E63:J63)=6,ROUND(1*I63,2),"") | M63: =IF(COUNT(E63:J63)=6,ROUND(1*J63,2),"") | N63: =IF(COUNT(E63:J63)=6,ROUND(1.5*E63+2*F63+2*G63+1.5*H63+1*J63,2),"")

Sheet A2 Giữa kỳ Portfolio
A1: STT | B1: MSSV | C1: Họ và tên | D1: Nhóm | E1: A2. Giữa kỳ (Portfolio) - nhập hệ số 0–1 (30% điểm học phần) | M1: Điểm A2 (/10) | N1: CLO1 trong A2 | O1: CLO2 trong A2 | P1: CLO3 trong A2 | Q1: Ghi chú
E2: 1. Phân tích sản phẩm văn hóa theo thành tố/vùng văn hóa | F2: 2. Tư liệu và trích dẫn nguồn | G2: 3. Ý tưởng chuyển hóa chất liệu thành sản phẩm truyền thông | H2: 4. Thiết kế slide/ePortfolio | I2: 5. Lý do lựa chọn và thái độ với di sản | J2: 6. Trình bày – Cấu trúc và thời gian | K2: 7. Trình bày – Kỹ năng thuyết trình và phối hợp nhóm | L2: 8. Trình bày – Trả lời câu hỏi
E3: ×2 · CLO1 (2) | F3: ×1 · CLO1 (1) | G3: ×1.5 · CLO2 (1.5) | H3: ×1 · CLO2 (1) | I3: ×1.5 · CLO3 (1.5) | J3: ×1 · Không gắn CLO | K3: ×1 · Không gắn CLO | L3: ×1 · Không gắn CLO | M3: 10 | N3: 3 | O3: 2.5 | P3: 1.5
A4: 1 | B4: =IF('Danh sách'!B4="","",'Danh sách'!B4) | C4: =IF('Danh sách'!C4="","",'Danh sách'!C4) | D4: =IF('Danh sách'!D4="","",'Danh sách'!D4) | M4: =IF(COUNT(E4:L4)=8,ROUND(2*E4+1*F4+1.5*G4+1*H4+1.5*I4+1*J4+1*K4+1*L4,2),"") | N4: =IF(COUNT(E4:L4)=8,ROUND(2*E4+1*F4,2),"") | O4: =IF(COUNT(E4:L4)=8,ROUND(1.5*G4+1*H4,2),"") | P4: =IF(COUNT(E4:L4)=8,ROUND(1.5*I4,2),"")
A5: 2 | B5: =IF('Danh sách'!B5="","",'Danh sách'!B5) | C5: =IF('Danh sách'!C5="","",'Danh sách'!C5) | D5: =IF('Danh sách'!D5="","",'Danh sách'!D5) | M5: =IF(COUNT(E5:L5)=8,ROUND(2*E5+1*F5+1.5*G5+1*H5+1.5*I5+1*J5+1*K5+1*L5,2),"") | N5: =IF(COUNT(E5:L5)=8,ROUND(2*E5+1*F5,2),"") | O5: =IF(COUNT(E5:L5)=8,ROUND(1.5*G5+1*H5,2),"") | P5: =IF(COUNT(E5:L5)=8,ROUND(1.5*I5,2),"")
A6: 3 | B6: =IF('Danh sách'!B6="","",'Danh sách'!B6) | C6: =IF('Danh sách'!C6="","",'Danh sách'!C6) | D6: =IF('Danh sách'!D6="","",'Danh sách'!D6) | M6: =IF(COUNT(E6:L6)=8,ROUND(2*E6+1*F6+1.5*G6+1*H6+1.5*I6+1*J6+1*K6+1*L6,2),"") | N6: =IF(COUNT(E6:L6)=8,ROUND(2*E6+1*F6,2),"") | O6: =IF(COUNT(E6:L6)=8,ROUND(1.5*G6+1*H6,2),"") | P6: =IF(COUNT(E6:L6)=8,ROUND(1.5*I6,2),"")
A7: 4 | B7: =IF('Danh sách'!B7="","",'Danh sách'!B7) | C7: =IF('Danh sách'!C7="","",'Danh sách'!C7) | D7: =IF('Danh sách'!D7="","",'Danh sách'!D7) | M7: =IF(COUNT(E7:L7)=8,ROUND(2*E7+1*F7+1.5*G7+1*H7+1.5*I7+1*J7+1*K7+1*L7,2),"") | N7: =IF(COUNT(E7:L7)=8,ROUND(2*E7+1*F7,2),"") | O7: =IF(COUNT(E7:L7)=8,ROUND(1.5*G7+1*H7,2),"") | P7: =IF(COUNT(E7:L7)=8,ROUND(1.5*I7,2),"")
A8: 5 | B8: =IF('Danh sách'!B8="","",'Danh sách'!B8) | C8: =IF('Danh sách'!C8="","",'Danh sách'!C8) | D8: =IF('Danh sách'!D8="","",'Danh sách'!D8) | M8: =IF(COUNT(E8:L8)=8,ROUND(2*E8+1*F8+1.5*G8+1*H8+1.5*I8+1*J8+1*K8+1*L8,2),"") | N8: =IF(COUNT(E8:L8)=8,ROUND(2*E8+1*F8,2),"") | O8: =IF(COUNT(E8:L8)=8,ROUND(1.5*G8+1*H8,2),"") | P8: =IF(COUNT(E8:L8)=8,ROUND(1.5*I8,2),"")
A9: 6 | B9: =IF('Danh sách'!B9="","",'Danh sách'!B9) | C9: =IF('Danh sách'!C9="","",'Danh sách'!C9) | D9: =IF('Danh sách'!D9="","",'Danh sách'!D9) | M9: =IF(COUNT(E9:L9)=8,ROUND(2*E9+1*F9+1.5*G9+1*H9+1.5*I9+1*J9+1*K9+1*L9,2),"") | N9: =IF(COUNT(E9:L9)=8,ROUND(2*E9+1*F9,2),"") | O9: =IF(COUNT(E9:L9)=8,ROUND(1.5*G9+1*H9,2),"") | P9: =IF(COUNT(E9:L9)=8,ROUND(1.5*I9,2),"")
A10: 7 | B10: =IF('Danh sách'!B10="","",'Danh sách'!B10) | C10: =IF('Danh sách'!C10="","",'Danh sách'!C10) | D10: =IF('Danh sách'!D10="","",'Danh sách'!D10) | M10: =IF(COUNT(E10:L10)=8,ROUND(2*E10+1*F10+1.5*G10+1*H10+1.5*I10+1*J10+1*K10+1*L10,2),"") | N10: =IF(COUNT(E10:L10)=8,ROUND(2*E10+1*F10,2),"") | O10: =IF(COUNT(E10:L10)=8,ROUND(1.5*G10+1*H10,2),"") | P10: =IF(COUNT(E10:L10)=8,ROUND(1.5*I10,2),"")
A11: 8 | B11: =IF('Danh sách'!B11="","",'Danh sách'!B11) | C11: =IF('Danh sách'!C11="","",'Danh sách'!C11) | D11: =IF('Danh sách'!D11="","",'Danh sách'!D11) | M11: =IF(COUNT(E11:L11)=8,ROUND(2*E11+1*F11+1.5*G11+1*H11+1.5*I11+1*J11+1*K11+1*L11,2),"") | N11: =IF(COUNT(E11:L11)=8,ROUND(2*E11+1*F11,2),"") | O11: =IF(COUNT(E11:L11)=8,ROUND(1.5*G11+1*H11,2),"") | P11: =IF(COUNT(E11:L11)=8,ROUND(1.5*I11,2),"")
A12: 9 | B12: =IF('Danh sách'!B12="","",'Danh sách'!B12) | C12: =IF('Danh sách'!C12="","",'Danh sách'!C12) | D12: =IF('Danh sách'!D12="","",'Danh sách'!D12) | M12: =IF(COUNT(E12:L12)=8,ROUND(2*E12+1*F12+1.5*G12+1*H12+1.5*I12+1*J12+1*K12+1*L12,2),"") | N12: =IF(COUNT(E12:L12)=8,ROUND(2*E12+1*F12,2),"") | O12: =IF(COUNT(E12:L12)=8,ROUND(1.5*G12+1*H12,2),"") | P12: =IF(COUNT(E12:L12)=8,ROUND(1.5*I12,2),"")
A13: 10 | B13: =IF('Danh sách'!B13="","",'Danh sách'!B13) | C13: =IF('Danh sách'!C13="","",'Danh sách'!C13) | D13: =IF('Danh sách'!D13="","",'Danh sách'!D13) | M13: =IF(COUNT(E13:L13)=8,ROUND(2*E13+1*F13+1.5*G13+1*H13+1.5*I13+1*J13+1*K13+1*L13,2),"") | N13: =IF(COUNT(E13:L13)=8,ROUND(2*E13+1*F13,2),"") | O13: =IF(COUNT(E13:L13)=8,ROUND(1.5*G13+1*H13,2),"") | P13: =IF(COUNT(E13:L13)=8,ROUND(1.5*I13,2),"")
A14: 11 | B14: =IF('Danh sách'!B14="","",'Danh sách'!B14) | C14: =IF('Danh sách'!C14="","",'Danh sách'!C14) | D14: =IF('Danh sách'!D14="","",'Danh sách'!D14) | M14: =IF(COUNT(E14:L14)=8,ROUND(2*E14+1*F14+1.5*G14+1*H14+1.5*I14+1*J14+1*K14+1*L14,2),"") | N14: =IF(COUNT(E14:L14)=8,ROUND(2*E14+1*F14,2),"") | O14: =IF(COUNT(E14:L14)=8,ROUND(1.5*G14+1*H14,2),"") | P14: =IF(COUNT(E14:L14)=8,ROUND(1.5*I14,2),"")
A15: 12 | B15: =IF('Danh sách'!B15="","",'Danh sách'!B15) | C15: =IF('Danh sách'!C15="","",'Danh sách'!C15) | D15: =IF('Danh sách'!D15="","",'Danh sách'!D15) | M15: =IF(COUNT(E15:L15)=8,ROUND(2*E15+1*F15+1.5*G15+1*H15+1.5*I15+1*J15+1*K15+1*L15,2),"") | N15: =IF(COUNT(E15:L15)=8,ROUND(2*E15+1*F15,2),"") | O15: =IF(COUNT(E15:L15)=8,ROUND(1.5*G15+1*H15,2),"") | P15: =IF(COUNT(E15:L15)=8,ROUND(1.5*I15,2),"")
... A63: 60 | B63: =IF('Danh sách'!B63="","",'Danh sách'!B63) | C63: =IF('Danh sách'!C63="","",'Danh sách'!C63) | D63: =IF('Danh sách'!D63="","",'Danh sách'!D63) | M63: =IF(COUNT(E63:L63)=8,ROUND(2*E63+1*F63+1.5*G63+1*H63+1.5*I63+1*J63+1*K63+1*L63,2),"") | N63: =IF(COUNT(E63:L63)=8,ROUND(2*E63+1*F63,2),"") | O63: =IF(COUNT(E63:L63)=8,ROUND(1.5*G63+1*H63,2),"") | P63: =IF(COUNT(E63:L63)=8,ROUND(1.5*I63,2),"")

Sheet A3 Cuối kỳ Dự án video
A1: STT | B1: MSSV | C1: Họ và tên | D1: Nhóm | E1: A3. Cuối kỳ (Dự án video) - nhập hệ số 0–1 (40% điểm học phần) | N1: Vi phạm nghiêm trọng tiêu chí 3.1 (xúc phạm di sản, quay khi không được phép) | O1: Điểm A3 (/10) | P1: CLO1 trong A3 | Q1: CLO2 trong A3 | R1: CLO3 trong A3 | S1: Ghi chú
E2: 1.1. Cơ sở văn hóa trong báo cáo (giá trị, thành tố, vùng văn hóa của sản phẩm gốm/hiện vật) | F2: 1.2. Độ chính xác thông tin trong video | G2: 1.3. Vấn đáp kiến thức (cá nhân) (CN) | H2: 2.1. Ý tưởng và câu chuyện (hook, chuyển hóa chất liệu thành câu chuyện) | I2: 2.2. Kỹ thuật quay và dựng (hình, âm thanh, nhịp, phụ đề) | J2: 2.3. Đăng bài và phân tích kết quả (caption, hashtag, đọc chỉ số, đọc bình luận, rút kinh nghiệm) | K2: 3.1. Tuân thủ Checklist văn hóa và đạo đức nghề (xin phép, bản quyền nhạc, tôn trọng di sản) | L2: 3.2. Thông điệp tôn vinh bản sắc; phản hồi bình luận văn minh | M2: 3.3. Rút kinh nghiệm cá nhân 1 trang (vấn đề – giải pháp) (CN)
E3: ×1.5 · CLO1 (1.5) | F3: ×1 · CLO1 (1) | G3: ×0.5 · CLO1 (0.5) | H3: ×1.5 · CLO2 (1.5) | I3: ×1.5 · CLO2 (1.5) | J3: ×1 · CLO2 (1) | K3: ×1.5 · CLO3 (1.5) | L3: ×1 · CLO3 (1) | M3: ×0.5 · CLO3 (0.5) | N3: x = có | O3: 10 | P3: 3 | Q3: 4 | R3: 3
A4: 1 | B4: =IF('Danh sách'!B4="","",'Danh sách'!B4) | C4: =IF('Danh sách'!C4="","",'Danh sách'!C4) | D4: =IF('Danh sách'!D4="","",'Danh sách'!D4) | O4: =IF(COUNT(E4:M4)=9,ROUND(1.5*E4+1*F4+0.5*G4+1.5*MIN(H4,IF(N4="x",0.6,1))+1.5*MIN(I4,IF(N4="x",0.6,1))+1*J4+1.5*K4+1*L4+0.5*M4,2),"") | P4: =IF(COUNT(E4:M4)=9,ROUND(1.5*E4+1*F4+0.5*G4,2),"") | Q4: =IF(COUNT(E4:M4)=9,ROUND(1.5*MIN(H4,IF(N4="x",0.6,1))+1.5*MIN(I4,IF(N4="x",0.6,1))+1*J4,2),"") | R4: =IF(COUNT(E4:M4)=9,ROUND(1.5*K4+1*L4+0.5*M4,2),"")
A5: 2 | B5: =IF('Danh sách'!B5="","",'Danh sách'!B5) | C5: =IF('Danh sách'!C5="","",'Danh sách'!C5) | D5: =IF('Danh sách'!D5="","",'Danh sách'!D5) | O5: =IF(COUNT(E5:M5)=9,ROUND(1.5*E5+1*F5+0.5*G5+1.5*MIN(H5,IF(N5="x",0.6,1))+1.5*MIN(I5,IF(N5="x",0.6,1))+1*J5+1.5*K5+1*L5+0.5*M5,2),"") | P5: =IF(COUNT(E5:M5)=9,ROUND(1.5*E5+1*F5+0.5*G5,2),"") | Q5: =IF(COUNT(E5:M5)=9,ROUND(1.5*MIN(H5,IF(N5="x",0.6,1))+1.5*MIN(I5,IF(N5="x",0.6,1))+1*J5,2),"") | R5: =IF(COUNT(E5:M5)=9,ROUND(1.5*K5+1*L5+0.5*M5,2),"")
A6: 3 | B6: =IF('Danh sách'!B6="","",'Danh sách'!B6) | C6: =IF('Danh sách'!C6="","",'Danh sách'!C6) | D6: =IF('Danh sách'!D6="","",'Danh sách'!D6) | O6: =IF(COUNT(E6:M6)=9,ROUND(1.5*E6+1*F6+0.5*G6+1.5*MIN(H6,IF(N6="x",0.6,1))+1.5*MIN(I6,IF(N6="x",0.6,1))+1*J6+1.5*K6+1*L6+0.5*M6,2),"") | P6: =IF(COUNT(E6:M6)=9,ROUND(1.5*E6+1*F6+0.5*G6,2),"") | Q6: =IF(COUNT(E6:M6)=9,ROUND(1.5*MIN(H6,IF(N6="x",0.6,1))+1.5*MIN(I6,IF(N6="x",0.6,1))+1*J6,2),"") | R6: =IF(COUNT(E6:M6)=9,ROUND(1.5*K6+1*L6+0.5*M6,2),"")
A7: 4 | B7: =IF('Danh sách'!B7="","",'Danh sách'!B7) | C7: =IF('Danh sách'!C7="","",'Danh sách'!C7) | D7: =IF('Danh sách'!D7="","",'Danh sách'!D7) | O7: =IF(COUNT(E7:M7)=9,ROUND(1.5*E7+1*F7+0.5*G7+1.5*MIN(H7,IF(N7="x",0.6,1))+1.5*MIN(I7,IF(N7="x",0.6,1))+1*J7+1.5*K7+1*L7+0.5*M7,2),"") | P7: =IF(COUNT(E7:M7)=9,ROUND(1.5*E7+1*F7+0.5*G7,2),"") | Q7: =IF(COUNT(E7:M7)=9,ROUND(1.5*MIN(H7,IF(N7="x",0.6,1))+1.5*MIN(I7,IF(N7="x",0.6,1))+1*J7,2),"") | R7: =IF(COUNT(E7:M7)=9,ROUND(1.5*K7+1*L7+0.5*M7,2),"")
A8: 5 | B8: =IF('Danh sách'!B8="","",'Danh sách'!B8) | C8: =IF('Danh sách'!C8="","",'Danh sách'!C8) | D8: =IF('Danh sách'!D8="","",'Danh sách'!D8) | O8: =IF(COUNT(E8:M8)=9,ROUND(1.5*E8+1*F8+0.5*G8+1.5*MIN(H8,IF(N8="x",0.6,1))+1.5*MIN(I8,IF(N8="x",0.6,1))+1*J8+1.5*K8+1*L8+0.5*M8,2),"") | P8: =IF(COUNT(E8:M8)=9,ROUND(1.5*E8+1*F8+0.5*G8,2),"") | Q8: =IF(COUNT(E8:M8)=9,ROUND(1.5*MIN(H8,IF(N8="x",0.6,1))+1.5*MIN(I8,IF(N8="x",0.6,1))+1*J8,2),"") | R8: =IF(COUNT(E8:M8)=9,ROUND(1.5*K8+1*L8+0.5*M8,2),"")
A9: 6 | B9: =IF('Danh sách'!B9="","",'Danh sách'!B9) | C9: =IF('Danh sách'!C9="","",'Danh sách'!C9) | D9: =IF('Danh sách'!D9="","",'Danh sách'!D9) | O9: =IF(COUNT(E9:M9)=9,ROUND(1.5*E9+1*F9+0.5*G9+1.5*MIN(H9,IF(N9="x",0.6,1))+1.5*MIN(I9,IF(N9="x",0.6,1))+1*J9+1.5*K9+1*L9+0.5*M9,2),"") | P9: =IF(COUNT(E9:M9)=9,ROUND(1.5*E9+1*F9+0.5*G9,2),"") | Q9: =IF(COUNT(E9:M9)=9,ROUND(1.5*MIN(H9,IF(N9="x",0.6,1))+1.5*MIN(I9,IF(N9="x",0.6,1))+1*J9,2),"") | R9: =IF(COUNT(E9:M9)=9,ROUND(1.5*K9+1*L9+0.5*M9,2),"")
A10: 7 | B10: =IF('Danh sách'!B10="","",'Danh sách'!B10) | C10: =IF('Danh sách'!C10="","",'Danh sách'!C10) | D10: =IF('Danh sách'!D10="","",'Danh sách'!D10) | O10: =IF(COUNT(E10:M10)=9,ROUND(1.5*E10+1*F10+0.5*G10+1.5*MIN(H10,IF(N10="x",0.6,1))+1.5*MIN(I10,IF(N10="x",0.6,1))+1*J10+1.5*K10+1*L10+0.5*M10,2),"") | P10: =IF(COUNT(E10:M10)=9,ROUND(1.5*E10+1*F10+0.5*G10,2),"") | Q10: =IF(COUNT(E10:M10)=9,ROUND(1.5*MIN(H10,IF(N10="x",0.6,1))+1.5*MIN(I10,IF(N10="x",0.6,1))+1*J10,2),"") | R10: =IF(COUNT(E10:M10)=9,ROUND(1.5*K10+1*L10+0.5*M10,2),"")
A11: 8 | B11: =IF('Danh sách'!B11="","",'Danh sách'!B11) | C11: =IF('Danh sách'!C11="","",'Danh sách'!C11) | D11: =IF('Danh sách'!D11="","",'Danh sách'!D11) | O11: =IF(COUNT(E11:M11)=9,ROUND(1.5*E11+1*F11+0.5*G11+1.5*MIN(H11,IF(N11="x",0.6,1))+1.5*MIN(I11,IF(N11="x",0.6,1))+1*J11+1.5*K11+1*L11+0.5*M11,2),"") | P11: =IF(COUNT(E11:M11)=9,ROUND(1.5*E11+1*F11+0.5*G11,2),"") | Q11: =IF(COUNT(E11:M11)=9,ROUND(1.5*MIN(H11,IF(N11="x",0.6,1))+1.5*MIN(I11,IF(N11="x",0.6,1))+1*J11,2),"") | R11: =IF(COUNT(E11:M11)=9,ROUND(1.5*K11+1*L11+0.5*M11,2),"")
A12: 9 | B12: =IF('Danh sách'!B12="","",'Danh sách'!B12) | C12: =IF('Danh sách'!C12="","",'Danh sách'!C12) | D12: =IF('Danh sách'!D12="","",'Danh sách'!D12) | O12: =IF(COUNT(E12:M12)=9,ROUND(1.5*E12+1*F12+0.5*G12+1.5*MIN(H12,IF(N12="x",0.6,1))+1.5*MIN(I12,IF(N12="x",0.6,1))+1*J12+1.5*K12+1*L12+0.5*M12,2),"") | P12: =IF(COUNT(E12:M12)=9,ROUND(1.5*E12+1*F12+0.5*G12,2),"") | Q12: =IF(COUNT(E12:M12)=9,ROUND(1.5*MIN(H12,IF(N12="x",0.6,1))+1.5*MIN(I12,IF(N12="x",0.6,1))+1*J12,2),"") | R12: =IF(COUNT(E12:M12)=9,ROUND(1.5*K12+1*L12+0.5*M12,2),"")
A13: 10 | B13: =IF('Danh sách'!B13="","",'Danh sách'!B13) | C13: =IF('Danh sách'!C13="","",'Danh sách'!C13) | D13: =IF('Danh sách'!D13="","",'Danh sách'!D13) | O13: =IF(COUNT(E13:M13)=9,ROUND(1.5*E13+1*F13+0.5*G13+1.5*MIN(H13,IF(N13="x",0.6,1))+1.5*MIN(I13,IF(N13="x",0.6,1))+1*J13+1.5*K13+1*L13+0.5*M13,2),"") | P13: =IF(COUNT(E13:M13)=9,ROUND(1.5*E13+1*F13+0.5*G13,2),"") | Q13: =IF(COUNT(E13:M13)=9,ROUND(1.5*MIN(H13,IF(N13="x",0.6,1))+1.5*MIN(I13,IF(N13="x",0.6,1))+1*J13,2),"") | R13: =IF(COUNT(E13:M13)=9,ROUND(1.5*K13+1*L13+0.5*M13,2),"")
A14: 11 | B14: =IF('Danh sách'!B14="","",'Danh sách'!B14) | C14: =IF('Danh sách'!C14="","",'Danh sách'!C14) | D14: =IF('Danh sách'!D14="","",'Danh sách'!D14) | O14: =IF(COUNT(E14:M14)=9,ROUND(1.5*E14+1*F14+0.5*G14+1.5*MIN(H14,IF(N14="x",0.6,1))+1.5*MIN(I14,IF(N14="x",0.6,1))+1*J14+1.5*K14+1*L14+0.5*M14,2),"") | P14: =IF(COUNT(E14:M14)=9,ROUND(1.5*E14+1*F14+0.5*G14,2),"") | Q14: =IF(COUNT(E14:M14)=9,ROUND(1.5*MIN(H14,IF(N14="x",0.6,1))+1.5*MIN(I14,IF(N14="x",0.6,1))+1*J14,2),"") | R14: =IF(COUNT(E14:M14)=9,ROUND(1.5*K14+1*L14+0.5*M14,2),"")
A15: 12 | B15: =IF('Danh sách'!B15="","",'Danh sách'!B15) | C15: =IF('Danh sách'!C15="","",'Danh sách'!C15) | D15: =IF('Danh sách'!D15="","",'Danh sách'!D15) | O15: =IF(COUNT(E15:M15)=9,ROUND(1.5*E15+1*F15+0.5*G15+1.5*MIN(H15,IF(N15="x",0.6,1))+1.5*MIN(I15,IF(N15="x",0.6,1))+1*J15+1.5*K15+1*L15+0.5*M15,2),"") | P15: =IF(COUNT(E15:M15)=9,ROUND(1.5*E15+1*F15+0.5*G15,2),"") | Q15: =IF(COUNT(E15:M15)=9,ROUND(1.5*MIN(H15,IF(N15="x",0.6,1))+1.5*MIN(I15,IF(N15="x",0.6,1))+1*J15,2),"") | R15: =IF(COUNT(E15:M15)=9,ROUND(1.5*K15+1*L15+0.5*M15,2),"")
... A63: 60 | B63: =IF('Danh sách'!B63="","",'Danh sách'!B63) | C63: =IF('Danh sách'!C63="","",'Danh sách'!C63) | D63: =IF('Danh sách'!D63="","",'Danh sách'!D63) | O63: =IF(COUNT(E63:M63)=9,ROUND(1.5*E63+1*F63+0.5*G63+1.5*MIN(H63,IF(N63="x",0.6,1))+1.5*MIN(I63,IF(N63="x",0.6,1))+1*J63+1.5*K63+1*L63+0.5*M63,2),"") | P63: =IF(COUNT(E63:M63)=9,ROUND(1.5*E63+1*F63+0.5*G63,2),"") | Q63: =IF(COUNT(E63:M63)=9,ROUND(1.5*MIN(H63,IF(N63="x",0.6,1))+1.5*MIN(I63,IF(N63="x",0.6,1))+1*J63,2),"") | R63: =IF(COUNT(E63:M63)=9,ROUND(1.5*K63+1*L63+0.5*M63,2),"")

Sheet Tổng hợp
A1: STT | B1: MSSV | C1: Họ và tên | D1: Nhóm | E1: A1 Quá trình | F1: A2 Giữa kỳ (Portfolio) | G1: A3 Cuối kỳ (Dự án video) | H1: Điểm học phần (/10) | I1: Điểm CLO1 | J1: Điểm CLO2 | K1: Điểm CLO3 | L1: Đạt CLO1 | M1: Đạt CLO2 | N1: Đạt CLO3
E3: 30% | F3: 30% | G3: 40% | H3: 10 | I3: /2.4 | J3: /2.65 | K3: /4.05 | L3: ≥ 1.2 | M3: ≥ 1.325 | N3: ≥ 2.025
A4: 1 | B4: =IF('Danh sách'!B4="","",'Danh sách'!B4) | C4: =IF('Danh sách'!C4="","",'Danh sách'!C4) | D4: =IF('Danh sách'!D4="","",'Danh sách'!D4) | E4: =IF('A1 Quá trình'!K4="","",'A1 Quá trình'!K4) | F4: =IF('A2 Giữa kỳ Portfolio'!M4="","",'A2 Giữa kỳ Portfolio'!M4) | G4: =IF('A3 Cuối kỳ Dự án video'!O4="","",'A3 Cuối kỳ Dự án video'!O4) | H4: =IF(COUNT(E4:G4)=3,ROUND(0.3*E4+0.3*F4+0.4*G4,2),"") | I4: =IF(COUNT(E4:G4)=3,ROUND(0.3*'A1 Quá trình'!L4+0.3*'A2 Giữa kỳ Portfolio'!N4+0.4*'A3 Cuối kỳ Dự án video'!P4,2),"") | J4: =IF(COUNT(E4:G4)=3,ROUND(0.3*'A1 Quá trình'!M4+0.3*'A2 Giữa kỳ Portfolio'!O4+0.4*'A3 Cuối kỳ Dự án video'!Q4,2),"") | K4: =IF(COUNT(E4:G4)=3,ROUND(0.3*'A1 Quá trình'!N4+0.3*'A2 Giữa kỳ Portfolio'!P4+0.4*'A3 Cuối kỳ Dự án video'!R4,2),"") | L4: =IF(I4="","",IF(I4>=1.2,"Đạt","Chưa đạt")) | M4: =IF(J4="","",IF(J4>=1.325,"Đạt","Chưa đạt")) | N4: =IF(K4="","",IF(K4>=2.025,"Đạt","Chưa đạt"))
A5: 2 | B5: =IF('Danh sách'!B5="","",'Danh sách'!B5) | C5: =IF('Danh sách'!C5="","",'Danh sách'!C5) | D5: =IF('Danh sách'!D5="","",'Danh sách'!D5) | E5: =IF('A1 Quá trình'!K5="","",'A1 Quá trình'!K5) | F5: =IF('A2 Giữa kỳ Portfolio'!M5="","",'A2 Giữa kỳ Portfolio'!M5) | G5: =IF('A3 Cuối kỳ Dự án video'!O5="","",'A3 Cuối kỳ Dự án video'!O5) | H5: =IF(COUNT(E5:G5)=3,ROUND(0.3*E5+0.3*F5+0.4*G5,2),"") | I5: =IF(COUNT(E5:G5)=3,ROUND(0.3*'A1 Quá trình'!L5+0.3*'A2 Giữa kỳ Portfolio'!N5+0.4*'A3 Cuối kỳ Dự án video'!P5,2),"") | J5: =IF(COUNT(E5:G5)=3,ROUND(0.3*'A1 Quá trình'!M5+0.3*'A2 Giữa kỳ Portfolio'!O5+0.4*'A3 Cuối kỳ Dự án video'!Q5,2),"") | K5: =IF(COUNT(E5:G5)=3,ROUND(0.3*'A1 Quá trình'!N5+0.3*'A2 Giữa kỳ Portfolio'!P5+0.4*'A3 Cuối kỳ Dự án video'!R5,2),"") | L5: =IF(I5="","",IF(I5>=1.2,"Đạt","Chưa đạt")) | M5: =IF(J5="","",IF(J5>=1.325,"Đạt","Chưa đạt")) | N5: =IF(K5="","",IF(K5>=2.025,"Đạt","Chưa đạt"))
A6: 3 | B6: =IF('Danh sách'!B6="","",'Danh sách'!B6) | C6: =IF('Danh sách'!C6="","",'Danh sách'!C6) | D6: =IF('Danh sách'!D6="","",'Danh sách'!D6) | E6: =IF('A1 Quá trình'!K6="","",'A1 Quá trình'!K6) | F6: =IF('A2 Giữa kỳ Portfolio'!M6="","",'A2 Giữa kỳ Portfolio'!M6) | G6: =IF('A3 Cuối kỳ Dự án video'!O6="","",'A3 Cuối kỳ Dự án video'!O6) | H6: =IF(COUNT(E6:G6)=3,ROUND(0.3*E6+0.3*F6+0.4*G6,2),"") | I6: =IF(COUNT(E6:G6)=3,ROUND(0.3*'A1 Quá trình'!L6+0.3*'A2 Giữa kỳ Portfolio'!N6+0.4*'A3 Cuối kỳ Dự án video'!P6,2),"") | J6: =IF(COUNT(E6:G6)=3,ROUND(0.3*'A1 Quá trình'!M6+0.3*'A2 Giữa kỳ Portfolio'!O6+0.4*'A3 Cuối kỳ Dự án video'!Q6,2),"") | K6: =IF(COUNT(E6:G6)=3,ROUND(0.3*'A1 Quá trình'!N6+0.3*'A2 Giữa kỳ Portfolio'!P6+0.4*'A3 Cuối kỳ Dự án video'!R6,2),"") | L6: =IF(I6="","",IF(I6>=1.2,"Đạt","Chưa đạt")) | M6: =IF(J6="","",IF(J6>=1.325,"Đạt","Chưa đạt")) | N6: =IF(K6="","",IF(K6>=2.025,"Đạt","Chưa đạt"))
A7: 4 | B7: =IF('Danh sách'!B7="","",'Danh sách'!B7) | C7: =IF('Danh sách'!C7="","",'Danh sách'!C7) | D7: =IF('Danh sách'!D7="","",'Danh sách'!D7) | E7: =IF('A1 Quá trình'!K7="","",'A1 Quá trình'!K7) | F7: =IF('A2 Giữa kỳ Portfolio'!M7="","",'A2 Giữa kỳ Portfolio'!M7) | G7: =IF('A3 Cuối kỳ Dự án video'!O7="","",'A3 Cuối kỳ Dự án video'!O7) | H7: =IF(COUNT(E7:G7)=3,ROUND(0.3*E7+0.3*F7+0.4*G7,2),"") | I7: =IF(COUNT(E7:G7)=3,ROUND(0.3*'A1 Quá trình'!L7+0.3*'A2 Giữa kỳ Portfolio'!N7+0.4*'A3 Cuối kỳ Dự án video'!P7,2),"") | J7: =IF(COUNT(E7:G7)=3,ROUND(0.3*'A1 Quá trình'!M7+0.3*'A2 Giữa kỳ Portfolio'!O7+0.4*'A3 Cuối kỳ Dự án video'!Q7,2),"") | K7: =IF(COUNT(E7:G7)=3,ROUND(0.3*'A1 Quá trình'!N7+0.3*'A2 Giữa kỳ Portfolio'!P7+0.4*'A3 Cuối kỳ Dự án video'!R7,2),"") | L7: =IF(I7="","",IF(I7>=1.2,"Đạt","Chưa đạt")) | M7: =IF(J7="","",IF(J7>=1.325,"Đạt","Chưa đạt")) | N7: =IF(K7="","",IF(K7>=2.025,"Đạt","Chưa đạt"))
A8: 5 | B8: =IF('Danh sách'!B8="","",'Danh sách'!B8) | C8: =IF('Danh sách'!C8="","",'Danh sách'!C8) | D8: =IF('Danh sách'!D8="","",'Danh sách'!D8) | E8: =IF('A1 Quá trình'!K8="","",'A1 Quá trình'!K8) | F8: =IF('A2 Giữa kỳ Portfolio'!M8="","",'A2 Giữa kỳ Portfolio'!M8) | G8: =IF('A3 Cuối kỳ Dự án video'!O8="","",'A3 Cuối kỳ Dự án video'!O8) | H8: =IF(COUNT(E8:G8)=3,ROUND(0.3*E8+0.3*F8+0.4*G8,2),"") | I8: =IF(COUNT(E8:G8)=3,ROUND(0.3*'A1 Quá trình'!L8+0.3*'A2 Giữa kỳ Portfolio'!N8+0.4*'A3 Cuối kỳ Dự án video'!P8,2),"") | J8: =IF(COUNT(E8:G8)=3,ROUND(0.3*'A1 Quá trình'!M8+0.3*'A2 Giữa kỳ Portfolio'!O8+0.4*'A3 Cuối kỳ Dự án video'!Q8,2),"") | K8: =IF(COUNT(E8:G8)=3,ROUND(0.3*'A1 Quá trình'!N8+0.3*'A2 Giữa kỳ Portfolio'!P8+0.4*'A3 Cuối kỳ Dự án video'!R8,2),"") | L8: =IF(I8="","",IF(I8>=1.2,"Đạt","Chưa đạt")) | M8: =IF(J8="","",IF(J8>=1.325,"Đạt","Chưa đạt")) | N8: =IF(K8="","",IF(K8>=2.025,"Đạt","Chưa đạt"))
A9: 6 | B9: =IF('Danh sách'!B9="","",'Danh sách'!B9) | C9: =IF('Danh sách'!C9="","",'Danh sách'!C9) | D9: =IF('Danh sách'!D9="","",'Danh sách'!D9) | E9: =IF('A1 Quá trình'!K9="","",'A1 Quá trình'!K9) | F9: =IF('A2 Giữa kỳ Portfolio'!M9="","",'A2 Giữa kỳ Portfolio'!M9) | G9: =IF('A3 Cuối kỳ Dự án video'!O9="","",'A3 Cuối kỳ Dự án video'!O9) | H9: =IF(COUNT(E9:G9)=3,ROUND(0.3*E9+0.3*F9+0.4*G9,2),"") | I9: =IF(COUNT(E9:G9)=3,ROUND(0.3*'A1 Quá trình'!L9+0.3*'A2 Giữa kỳ Portfolio'!N9+0.4*'A3 Cuối kỳ Dự án video'!P9,2),"") | J9: =IF(COUNT(E9:G9)=3,ROUND(0.3*'A1 Quá trình'!M9+0.3*'A2 Giữa kỳ Portfolio'!O9+0.4*'A3 Cuối kỳ Dự án video'!Q9,2),"") | K9: =IF(COUNT(E9:G9)=3,ROUND(0.3*'A1 Quá trình'!N9+0.3*'A2 Giữa kỳ Portfolio'!P9+0.4*'A3 Cuối kỳ Dự án video'!R9,2),"") | L9: =IF(I9="","",IF(I9>=1.2,"Đạt","Chưa đạt")) | M9: =IF(J9="","",IF(J9>=1.325,"Đạt","Chưa đạt")) | N9: =IF(K9="","",IF(K9>=2.025,"Đạt","Chưa đạt"))
A10: 7 | B10: =IF('Danh sách'!B10="","",'Danh sách'!B10) | C10: =IF('Danh sách'!C10="","",'Danh sách'!C10) | D10: =IF('Danh sách'!D10="","",'Danh sách'!D10) | E10: =IF('A1 Quá trình'!K10="","",'A1 Quá trình'!K10) | F10: =IF('A2 Giữa kỳ Portfolio'!M10="","",'A2 Giữa kỳ Portfolio'!M10) | G10: =IF('A3 Cuối kỳ Dự án video'!O10="","",'A3 Cuối kỳ Dự án video'!O10) | H10: =IF(COUNT(E10:G10)=3,ROUND(0.3*E10+0.3*F10+0.4*G10,2),"") | I10: =IF(COUNT(E10:G10)=3,ROUND(0.3*'A1 Quá trình'!L10+0.3*'A2 Giữa kỳ Portfolio'!N10+0.4*'A3 Cuối kỳ Dự án video'!P10,2),"") | J10: =IF(COUNT(E10:G10)=3,ROUND(0.3*'A1 Quá trình'!M10+0.3*'A2 Giữa kỳ Portfolio'!O10+0.4*'A3 Cuối kỳ Dự án video'!Q10,2),"") | K10: =IF(COUNT(E10:G10)=3,ROUND(0.3*'A1 Quá trình'!N10+0.3*'A2 Giữa kỳ Portfolio'!P10+0.4*'A3 Cuối kỳ Dự án video'!R10,2),"") | L10: =IF(I10="","",IF(I10>=1.2,"Đạt","Chưa đạt")) | M10: =IF(J10="","",IF(J10>=1.325,"Đạt","Chưa đạt")) | N10: =IF(K10="","",IF(K10>=2.025,"Đạt","Chưa đạt"))
A11: 8 | B11: =IF('Danh sách'!B11="","",'Danh sách'!B11) | C11: =IF('Danh sách'!C11="","",'Danh sách'!C11) | D11: =IF('Danh sách'!D11="","",'Danh sách'!D11) | E11: =IF('A1 Quá trình'!K11="","",'A1 Quá trình'!K11) | F11: =IF('A2 Giữa kỳ Portfolio'!M11="","",'A2 Giữa kỳ Portfolio'!M11) | G11: =IF('A3 Cuối kỳ Dự án video'!O11="","",'A3 Cuối kỳ Dự án video'!O11) | H11: =IF(COUNT(E11:G11)=3,ROUND(0.3*E11+0.3*F11+0.4*G11,2),"") | I11: =IF(COUNT(E11:G11)=3,ROUND(0.3*'A1 Quá trình'!L11+0.3*'A2 Giữa kỳ Portfolio'!N11+0.4*'A3 Cuối kỳ Dự án video'!P11,2),"") | J11: =IF(COUNT(E11:G11)=3,ROUND(0.3*'A1 Quá trình'!M11+0.3*'A2 Giữa kỳ Portfolio'!O11+0.4*'A3 Cuối kỳ Dự án video'!Q11,2),"") | K11: =IF(COUNT(E11:G11)=3,ROUND(0.3*'A1 Quá trình'!N11+0.3*'A2 Giữa kỳ Portfolio'!P11+0.4*'A3 Cuối kỳ Dự án video'!R11,2),"") | L11: =IF(I11="","",IF(I11>=1.2,"Đạt","Chưa đạt")) | M11: =IF(J11="","",IF(J11>=1.325,"Đạt","Chưa đạt")) | N11: =IF(K11="","",IF(K11>=2.025,"Đạt","Chưa đạt"))
A12: 9 | B12: =IF('Danh sách'!B12="","",'Danh sách'!B12) | C12: =IF('Danh sách'!C12="","",'Danh sách'!C12) | D12: =IF('Danh sách'!D12="","",'Danh sách'!D12) | E12: =IF('A1 Quá trình'!K12="","",'A1 Quá trình'!K12) | F12: =IF('A2 Giữa kỳ Portfolio'!M12="","",'A2 Giữa kỳ Portfolio'!M12) | G12: =IF('A3 Cuối kỳ Dự án video'!O12="","",'A3 Cuối kỳ Dự án video'!O12) | H12: =IF(COUNT(E12:G12)=3,ROUND(0.3*E12+0.3*F12+0.4*G12,2),"") | I12: =IF(COUNT(E12:G12)=3,ROUND(0.3*'A1 Quá trình'!L12+0.3*'A2 Giữa kỳ Portfolio'!N12+0.4*'A3 Cuối kỳ Dự án video'!P12,2),"") | J12: =IF(COUNT(E12:G12)=3,ROUND(0.3*'A1 Quá trình'!M12+0.3*'A2 Giữa kỳ Portfolio'!O12+0.4*'A3 Cuối kỳ Dự án video'!Q12,2),"") | K12: =IF(COUNT(E12:G12)=3,ROUND(0.3*'A1 Quá trình'!N12+0.3*'A2 Giữa kỳ Portfolio'!P12+0.4*'A3 Cuối kỳ Dự án video'!R12,2),"") | L12: =IF(I12="","",IF(I12>=1.2,"Đạt","Chưa đạt")) | M12: =IF(J12="","",IF(J12>=1.325,"Đạt","Chưa đạt")) | N12: =IF(K12="","",IF(K12>=2.025,"Đạt","Chưa đạt"))
A13: 10 | B13: =IF('Danh sách'!B13="","",'Danh sách'!B13) | C13: =IF('Danh sách'!C13="","",'Danh sách'!C13) | D13: =IF('Danh sách'!D13="","",'Danh sách'!D13) | E13: =IF('A1 Quá trình'!K13="","",'A1 Quá trình'!K13) | F13: =IF('A2 Giữa kỳ Portfolio'!M13="","",'A2 Giữa kỳ Portfolio'!M13) | G13: =IF('A3 Cuối kỳ Dự án video'!O13="","",'A3 Cuối kỳ Dự án video'!O13) | H13: =IF(COUNT(E13:G13)=3,ROUND(0.3*E13+0.3*F13+0.4*G13,2),"") | I13: =IF(COUNT(E13:G13)=3,ROUND(0.3*'A1 Quá trình'!L13+0.3*'A2 Giữa kỳ Portfolio'!N13+0.4*'A3 Cuối kỳ Dự án video'!P13,2),"") | J13: =IF(COUNT(E13:G13)=3,ROUND(0.3*'A1 Quá trình'!M13+0.3*'A2 Giữa kỳ Portfolio'!O13+0.4*'A3 Cuối kỳ Dự án video'!Q13,2),"") | K13: =IF(COUNT(E13:G13)=3,ROUND(0.3*'A1 Quá trình'!N13+0.3*'A2 Giữa kỳ Portfolio'!P13+0.4*'A3 Cuối kỳ Dự án video'!R13,2),"") | L13: =IF(I13="","",IF(I13>=1.2,"Đạt","Chưa đạt")) | M13: =IF(J13="","",IF(J13>=1.325,"Đạt","Chưa đạt")) | N13: =IF(K13="","",IF(K13>=2.025,"Đạt","Chưa đạt"))
A14: 11 | B14: =IF('Danh sách'!B14="","",'Danh sách'!B14) | C14: =IF('Danh sách'!C14="","",'Danh sách'!C14) | D14: =IF('Danh sách'!D14="","",'Danh sách'!D14) | E14: =IF('A1 Quá trình'!K14="","",'A1 Quá trình'!K14) | F14: =IF('A2 Giữa kỳ Portfolio'!M14="","",'A2 Giữa kỳ Portfolio'!M14) | G14: =IF('A3 Cuối kỳ Dự án video'!O14="","",'A3 Cuối kỳ Dự án video'!O14) | H14: =IF(COUNT(E14:G14)=3,ROUND(0.3*E14+0.3*F14+0.4*G14,2),"") | I14: =IF(COUNT(E14:G14)=3,ROUND(0.3*'A1 Quá trình'!L14+0.3*'A2 Giữa kỳ Portfolio'!N14+0.4*'A3 Cuối kỳ Dự án video'!P14,2),"") | J14: =IF(COUNT(E14:G14)=3,ROUND(0.3*'A1 Quá trình'!M14+0.3*'A2 Giữa kỳ Portfolio'!O14+0.4*'A3 Cuối kỳ Dự án video'!Q14,2),"") | K14: =IF(COUNT(E14:G14)=3,ROUND(0.3*'A1 Quá trình'!N14+0.3*'A2 Giữa kỳ Portfolio'!P14+0.4*'A3 Cuối kỳ Dự án video'!R14,2),"") | L14: =IF(I14="","",IF(I14>=1.2,"Đạt","Chưa đạt")) | M14: =IF(J14="","",IF(J14>=1.325,"Đạt","Chưa đạt")) | N14: =IF(K14="","",IF(K14>=2.025,"Đạt","Chưa đạt"))
A15: 12 | B15: =IF('Danh sách'!B15="","",'Danh sách'!B15) | C15: =IF('Danh sách'!C15="","",'Danh sách'!C15) | D15: =IF('Danh sách'!D15="","",'Danh sách'!D15) | E15: =IF('A1 Quá trình'!K15="","",'A1 Quá trình'!K15) | F15: =IF('A2 Giữa kỳ Portfolio'!M15="","",'A2 Giữa kỳ Portfolio'!M15) | G15: =IF('A3 Cuối kỳ Dự án video'!O15="","",'A3 Cuối kỳ Dự án video'!O15) | H15: =IF(COUNT(E15:G15)=3,ROUND(0.3*E15+0.3*F15+0.4*G15,2),"") | I15: =IF(COUNT(E15:G15)=3,ROUND(0.3*'A1 Quá trình'!L15+0.3*'A2 Giữa kỳ Portfolio'!N15+0.4*'A3 Cuối kỳ Dự án video'!P15,2),"") | J15: =IF(COUNT(E15:G15)=3,ROUND(0.3*'A1 Quá trình'!M15+0.3*'A2 Giữa kỳ Portfolio'!O15+0.4*'A3 Cuối kỳ Dự án video'!Q15,2),"") | K15: =IF(COUNT(E15:G15)=3,ROUND(0.3*'A1 Quá trình'!N15+0.3*'A2 Giữa kỳ Portfolio'!P15+0.4*'A3 Cuối kỳ Dự án video'!R15,2),"") | L15: =IF(I15="","",IF(I15>=1.2,"Đạt","Chưa đạt")) | M15: =IF(J15="","",IF(J15>=1.325,"Đạt","Chưa đạt")) | N15: =IF(K15="","",IF(K15>=2.025,"Đạt","Chưa đạt"))
... A63: 60 | B63: =IF('Danh sách'!B63="","",'Danh sách'!B63) | C63: =IF('Danh sách'!C63="","",'Danh sách'!C63) | D63: =IF('Danh sách'!D63="","",'Danh sách'!D63) | E63: =IF('A1 Quá trình'!K63="","",'A1 Quá trình'!K63) | F63: =IF('A2 Giữa kỳ Portfolio'!M63="","",'A2 Giữa kỳ Portfolio'!M63) | G63: =IF('A3 Cuối kỳ Dự án video'!O63="","",'A3 Cuối kỳ Dự án video'!O63) | H63: =IF(COUNT(E63:G63)=3,ROUND(0.3*E63+0.3*F63+0.4*G63,2),"") | I63: =IF(COUNT(E63:G63)=3,ROUND(0.3*'A1 Quá trình'!L63+0.3*'A2 Giữa kỳ Portfolio'!N63+0.4*'A3 Cuối kỳ Dự án video'!P63,2),"") | J63: =IF(COUNT(E63:G63)=3,ROUND(0.3*'A1 Quá trình'!M63+0.3*'A2 Giữa kỳ Portfolio'!O63+0.4*'A3 Cuối kỳ Dự án video'!Q63,2),"") | K63: =IF(COUNT(E63:G63)=3,ROUND(0.3*'A1 Quá trình'!N63+0.3*'A2 Giữa kỳ Portfolio'!P63+0.4*'A3 Cuối kỳ Dự án video'!R63,2),"") | L63: =IF(I63="","",IF(I63>=1.2,"Đạt","Chưa đạt")) | M63: =IF(J63="","",IF(J63>=1.325,"Đạt","Chưa đạt")) | N63: =IF(K63="","",IF(K63>=2.025,"Đạt","Chưa đạt"))

Sheet Mức đạt CLO
A1: MỨC ĐẠT CLO - Cơ sở Văn hóa Việt Nam (112317)
A2: Điểm tiêu chí = hệ số mức (0–1) × trọng số. Mỗi thành phần chấm thang 10. Sinh viên đạt một CLO khi được ít nhất 50% điểm tối đa của CLO đó (tính trên cả 3 thành phần theo tỷ trọng). CLO đạt ở cấp lớp khi ít nhất 75% số sinh viên đạt.
A4: CLO | B4: Nội dung | C4: Điểm tối đa | D4: Ngưỡng SV đạt | E4: Số SV có điểm | F4: Số SV đạt | G4: Tỷ lệ đạt | H4: Điểm TB | I4: Kết luận cấp lớp
A5: CLO1 | B5: Phân tích được các quy luật vận động, hệ thống các thành tố văn hóa và đặc điểm các vùng văn hóa Việt Nam trong mối tương quan với bối cảnh truyền thông hiện đại | C5: 2.4 | D5: 1.2 | E5: =COUNT('Tổng hợp'!I4:I63) | F5: =COUNTIF('Tổng hợp'!L4:L63,"Đạt") | G5: =IF(E5=0,"",F5/E5) | H5: =IF(E5=0,"",ROUND(AVERAGE('Tổng hợp'!I4:I63),2)) | I5: =IF(E5=0,"",IF(G5>=0.75,"Đạt","Chưa đạt"))
A6: CLO2 | B6: Thiết lập được các ý tưởng sáng tạo và giải pháp kỹ thuật dựa trên việc khai thác chất liệu văn hóa truyền thống để sản xuất sản phẩm truyền thông đa phương tiện | C6: 2.65 | D6: 1.325 | E6: =COUNT('Tổng hợp'!J4:J63) | F6: =COUNTIF('Tổng hợp'!M4:M63,"Đạt") | G6: =IF(E6=0,"",F6/E6) | H6: =IF(E6=0,"",ROUND(AVERAGE('Tổng hợp'!J4:J63),2)) | I6: =IF(E6=0,"",IF(G6>=0.75,"Đạt","Chưa đạt"))
A7: CLO3 | B7: Gìn giữ bản sắc văn hóa dân tộc, thể hiện trách nhiệm đạo đức nghề nghiệp và tôn trọng sự khác biệt văn hóa trong môi trường số | C7: 4.05 | D7: 2.025 | E7: =COUNT('Tổng hợp'!K4:K63) | F7: =COUNTIF('Tổng hợp'!N4:N63,"Đạt") | G7: =IF(E7=0,"",F7/E7) | H7: =IF(E7=0,"",ROUND(AVERAGE('Tổng hợp'!K4:K63),2)) | I7: =IF(E7=0,"",IF(G7>=0.75,"Đạt","Chưa đạt"))
