Workbook

Sheet Hướng dẫn
A1: RUBRIC CHẤM ĐIỂM CUỐI KỲ - LẬP TRÌNH ỨNG DỤNG DI ĐỘNG (111114)
A2: Đánh giá cuối kỳ: đồ án nhóm, báo cáo và Demo Day (buổi 12)
A4: Cấu trúc
A5: - 4 CLO, 27 tiêu chí; mỗi tiêu chí chỉ chấm một vấn đề. Tổng điểm: 10.
A6: - CLO1 (PLO2 / PI 2.4): 3 điểm, 8 tiêu chí; CLO2 (PLO2 / PI 2.5): 2 điểm, 6 tiêu chí; CLO3 (PLO3 / PI 3.4): 2 điểm, 6 tiêu chí; CLO4 (PLO5 / PI 5.2): 3 điểm, 7 tiêu chí.
A7: - Mức chấm: A Xuất sắc = 100% điểm tối đa; B Tốt = 75% điểm tối đa; C Đạt = 50% điểm tối đa; D Chưa đạt = 25% điểm tối đa; 0 Không có minh chứng = 0% điểm tối đa.
A8: - Có thể cho điểm lẻ giữa hai mức (bước 0,05) khi minh chứng nằm giữa hai mô tả.
A9: - Phạm vi 'Nhóm': chấm trên sản phẩm chung, mặc định cùng điểm cho cả nhóm; hạ riêng cho sinh viên không giải thích được phần mã liên quan.
A10: - Phạm vi 'Cá nhân': chấm riêng từng sinh viên dựa trên minh chứng của chính sinh viên đó.
A12: Ngưỡng đạt
A13: - Sinh viên đạt một CLO khi được ít nhất 50% điểm tối đa của CLO đó. CLO đạt ở cấp lớp khi ít nhất 75% số sinh viên đạt.
A15: Cách dùng file
... A19: 4. Có thể chấm trên trang web cham-diem.html của học phần rồi xuất Excel; file xuất có cùng cấu trúc cột.

Sheet Rubric
A1: Mã | B1: Tiêu chí | C1: Phạm vi | D1: Điểm tối đa | E1: A - Xuất sắc (100%) | F1: B - Tốt (75%) | G1: C - Đạt (50%) | H1: D - Chưa đạt (25%) | I1: Gợi ý chấm | J1: Minh chứng cần có
A2: CLO1 (PLO2 / PI 2.4) - Thiết kế các thành phần chức năng của ứng dụng di động đáp ứng các yêu cầu đặt ra - 3 điểm (đạt khi ≥ 1.5)
A3: 1.1 | B3: Sơ đồ chức năng và phạm vi | C3: Nhóm | D3: 0.4 | E3: Sơ đồ phân rã đủ nhóm chức năng theo từng actor, khớp hoàn toàn với sản phẩm demo; phạm vi đã làm/chưa làm được nêu rõ kèm lý do. | F3: Sơ đồ đủ chức năng chính và khớp sản phẩm; thiếu vài chức năng phụ hoặc chưa tách theo actor. | G3: Có sơ đồ nhưng thiếu một nhóm chức năng hoặc lệch so với sản phẩm ở vài chỗ. | H3: Sơ đồ sơ sài, không phản ánh sản phẩm thật. | I3: Đặt sơ đồ cạnh ứng dụng đang chạy, đánh dấu từng chức năng có/không có trong sản phẩm. Chỉ chấm sự đầy đủ và khớp của sơ đồ, không chấm hình thức vẽ (thuộc 3.5). | J3: docs/so-do-chuc-nang (file nguồn + ảnh); chương Thiết kế chức năng trong báo cáo; slide Demo Day.
A4: 1.2 | B4: Luồng nghiệp vụ chính chạy end-to-end trên Android | C4: Nhóm | D4: 0.6 | E4: Luồng chính (đăng nhập → chọn món → đặt → nhân viên xử lý → hoàn tất) chạy trơn tru trên APK, điện thoại thật, kết nối backend trên server Khoa; không lỗi trong demo. | F4: Luồng chính chạy đủ trên Android thật; có 1 lỗi nhỏ không chặn luồng hoặc phải thao tác lại một lần. | G4: Luồng chạy được nhưng phải dùng Expo Go/emulator hoặc backend trên máy cá nhân, hoặc thiếu một bước phụ. | H4: Luồng bị gián đoạn, có màn hình đỏ hoặc phải dùng dữ liệu giả. | I4: Yêu cầu nhóm chạy kịch bản demo trên APK. Chỉ chấm luồng nghiệp vụ chính; tính năng thiết bị, realtime, xác thực chấm ở tiêu chí riêng. | J4: Demo trực tiếp; file APK; video dự phòng; docs/acceptance-test.md.
A5: 1.3 | B5: Xác thực và phân quyền | C5: Nhóm | D5: 0.4 | E5: Đăng ký, đăng nhập, giữ phiên (refresh token), đăng xuất hoạt động; API trả 403 cho sai vai trò; token lưu SecureStore; userId lấy từ token. | F5: Đủ đăng nhập/đăng xuất và phân quyền ở API; thiếu giữ phiên hoặc một kiểm tra phụ. | G5: Có đăng nhập nhưng phân quyền chỉ ẩn nút ở ứng dụng, API không kiểm tra vai trò. | H5: Xác thực không hoạt động hoặc lưu token/mật khẩu không an toàn (AsyncStorage, mật khẩu gốc). | I5: Thử gọi một API nhân viên bằng token khách (Swagger) và đóng/mở lại ứng dụng để kiểm tra giữ phiên. | J5: Demo; mã stores/auth, AuthGuard/RolesGuard; Swagger.
A6: 1.4 | B6: Tích hợp tính năng thiết bị | C6: Nhóm | D6: 0.3 | E6: Ít nhất hai tính năng thiết bị (camera/ảnh, vị trí/bản đồ…) hoạt động trên máy thật; xin quyền đúng lúc, xử lý khi bị từ chối. | F6: Một tính năng thiết bị hoạt động tốt, xin quyền đúng lúc. | G6: Có tính năng thiết bị nhưng xin quyền ngay khi mở ứng dụng hoặc lỗi khi bị từ chối quyền. | H6: Tính năng thiết bị không chạy được trên máy thật. | I6: Thử từ chối quyền một lần để xem ứng dụng có xử lý không. | J6: Demo trên điện thoại thật; khai báo quyền trong app.config.
A7: 1.5 | B7: Thông báo thời gian thực (Socket.IO) | C7: Nhóm | D7: 0.4 | E7: Đổi trạng thái ở một máy, máy kia nhận thông báo trong vài giây; socket có xác thực; thông báo lưu SQL Server, mở lại ứng dụng vẫn thấy; tự kết nối lại khi mất mạng. | F7: Thông báo realtime hoạt động, có lưu lịch sử; thiếu xử lý kết nối lại hoặc mở đúng màn hình. | G7: Có realtime nhưng không lưu lịch sử hoặc socket không xác thực. | H7: Không có realtime hoặc chỉ dùng polling. | I7: Demo bằng hai thiết bị; tắt ứng dụng nhận, đổi trạng thái, mở lại để kiểm tra lịch sử. | J7: Demo hai thiết bị; mã gateway/hook realtime; bảng Notifications.
A8: 1.6 | B8: Tổ chức thành phần và điều hướng | C8: Nhóm | D8: 0.3 | E8: Component tái sử dụng, theme dùng chung, điều hướng Expo Router đúng mô hình (tab/stack/route động), tách dữ liệu server (TanStack Query) và trạng thái cục bộ (Zustand). | F8: Cấu trúc rõ ràng, có component dùng chung; còn vài màn hình lặp mã hoặc trộn lẫn trạng thái. | G8: Chạy được nhưng mã dồn vào ít file lớn, màu/kích thước viết cứng nhiều nơi. | H8: Không có cấu trúc, sao chép mã giữa các màn hình. | I8: Mở repo, xem thư mục app/, components/, stores/, hooks/. Không chấm số lượng tính năng. | J8: Repo ứng dụng; AGENTS.md; cây thư mục trong báo cáo.
A9: 1.7 | B9: Xử lý lỗi và trạng thái dữ liệu | C9: Nhóm | D9: 0.3 | E9: Mọi màn hình dữ liệu có đủ trạng thái đang tải, lỗi (có Thử lại), rỗng; thông báo lỗi từ API (400/409) hiển thị dễ hiểu; mất mạng không làm ứng dụng sập. | F9: Phần lớn màn hình xử lý đủ trạng thái; còn một màn hình thiếu. | G9: Chỉ có trạng thái đang tải; lỗi hiển thị thông báo kỹ thuật. | H9: Mất mạng hoặc lỗi API gây màn hình đỏ/treo. | I9: Bật chế độ máy bay khi đang dùng; thử đặt món đã hết để xem thông báo 409. | J9: Demo; mã màn hình danh sách.
A10: 1.8 | B10: Kiểm thử và chất lượng | C10: Nhóm | D10: 0.3 | E10: Bộ test tự động cho logic chính chạy xanh; có kịch bản kiểm thử stored procedure; bug log và một cải tiến hiệu năng có số liệu trước/sau. | F10: Có test tự động và bug log; thiếu kiểm thử thủ tục hoặc số liệu hiệu năng. | G10: Chỉ có kiểm thử thủ công được ghi lại. | H10: Không có minh chứng kiểm thử nào ngoài demo. | I10: Yêu cầu chạy npm test tại chỗ hoặc xem ảnh kết quả có thời gian. | J10: Kết quả npm test; database/tests/; docs/bug-log.md; bảng số liệu hiệu năng.
A11: CLO2 (PLO2 / PI 2.5) - Thiết kế cơ sở dữ liệu đáp ứng cấu trúc dữ liệu phù hợp yêu cầu đặc tả - 2 điểm (đạt khi ≥ 1)
A12: 2.1 | B12: Mô hình bảng và chuẩn hóa | C12: Nhóm | D12: 0.4 | E12: Đủ thực thể cho nghiệp vụ, kiểu dữ liệu đúng (NVARCHAR cho tiếng Việt, DECIMAL cho tiền, DATETIME2), không dư thừa dữ liệu; lưu giá tại thời điểm đặt. | F12: Mô hình hợp lý, có 1–2 điểm chưa tối ưu (kiểu dữ liệu chưa phù hợp, cột dư). | G12: Thiếu một thực thể cần thiết hoặc lặp dữ liệu gây khó cập nhật. | H12: Thiết kế sai cơ bản (gộp nhiều thực thể vào một bảng, lưu danh sách trong một cột). | I12: Chỉ chấm cấu trúc bảng và kiểu dữ liệu; khóa, ràng buộc chấm ở 2.2, 2.3. | J12: database/01-*.sql; ERD; chương Thiết kế dữ liệu.
A13: 2.2 | B13: Khóa và quan hệ | C13: Nhóm | D13: 0.3 | E13: Mọi bảng có khóa chính; đủ khóa ngoại; quan hệ n-n có bảng trung gian với khóa kép phù hợp. | F13: Đủ khóa chính và phần lớn khóa ngoại; thiếu một khóa ngoại. | G13: Thiếu nhiều khóa ngoại, quan hệ chỉ thể hiện bằng quy ước đặt tên. | H13: Thiếu khóa chính hoặc không có khóa ngoại. | I13: Truy vấn sys.foreign_keys trên CSDL thật để đếm khóa ngoại. | J13: CSDL trên server Khoa; script tạo bảng.
A14: 2.3 | B14: Ràng buộc toàn vẹn | C14: Nhóm | D14: 0.3 | E14: Dùng đúng NOT NULL, UNIQUE, CHECK, DEFAULT cho quy tắc nghiệp vụ (tồn kho ≥ 0, trạng thái hợp lệ, email duy nhất), đặt tên ràng buộc theo quy ước. | F14: Có phần lớn ràng buộc cần thiết; thiếu 1–2 ràng buộc quan trọng. | G14: Chỉ có NOT NULL/khóa, quy tắc nghiệp vụ để ứng dụng tự kiểm tra. | H14: Không có ràng buộc ngoài khóa chính. | I14: Thử chèn dữ liệu vi phạm (tồn kho âm, trạng thái lạ) qua thủ tục hoặc SSMS. | J14: Script ràng buộc; kết quả thử vi phạm.
A15: 2.4 | B15: Bộ stored procedure và truy cập qua thủ tục | C15: Nhóm | D15: 0.4 | E15: Thủ tục phục vụ toàn bộ nghiệp vụ, tham số có kiểu, đặt tên theo quy ước, bí danh camelCase; backend chỉ gọi thủ tục (không SQL trực tiếp, không ORM); API dùng login chỉ quyền EXECUTE. | F15: Thủ tục đủ cho nghiệp vụ chính, backend chỉ gọi thủ tục; còn vài thủ tục thiếu tham số hóa hoặc sai quy ước. | G15: Thiếu thủ tục cho một nhóm nghiệp vụ hoặc backend còn câu SQL trực tiếp ở vài chỗ. | H15: Backend chủ yếu dùng SQL trực tiếp hoặc ORM. | I15: Tìm trong repo backend các từ SELECT/INSERT/UPDATE ngoài thư mục database/. | J15: database/*procedures*.sql; repo backend; danh mục thủ tục trong báo cáo.
A16: 2.5 | B16: Giao dịch và xử lý lỗi trong thủ tục | C16: Nhóm | D16: 0.3 | E16: Nghiệp vụ nhiều bảng dùng giao dịch, TRY/CATCH, ném lại lỗi giữ mã (THROW 50400/50404/50409); xử lý đặt đồng thời (khóa dòng), có kịch bản kiểm thử chứng minh. | F16: Có giao dịch và mã lỗi đúng; chưa xử lý tranh chấp đồng thời. | G16: Có kiểm tra lỗi nhưng không dùng giao dịch cho thao tác nhiều bảng. | H16: Không có giao dịch, lỗi giữa chừng để lại dữ liệu dở dang. | I16: Yêu cầu nhóm chạy kịch bản đặt suất cuối cùng từ hai phiên hoặc giải thích UPDLOCK. | J16: Thủ tục đặt hàng/hủy đơn; database/tests/.
A17: 2.6 | B17: Script tái tạo và triển khai trên server Khoa | C17: Nhóm | D17: 0.3 | E17: Script đánh số theo phiên bản dựng lại CSDL trống không lỗi, chạy lại được, có dữ liệu mẫu; CSDL đang chạy trên server Khoa giống script. | F17: Script dựng lại được CSDL; thiếu dữ liệu mẫu hoặc chưa chạy lại được nhiều lần. | G17: Script phải sửa tay mới chạy được, hoặc CSDL chỉ có trên máy cá nhân. | H17: Không có script; CSDL tạo thủ công. | I17: Chạy script trên một CSDL trống (hoặc xem nhóm chạy) và so số bảng/thủ tục với server. | J17: Thư mục database/; README triển khai; CSDL trên server Khoa.
A18: CLO3 (PLO3 / PI 3.4) - Sử dụng được các công cụ đồ họa để trình bày các ý tưởng thiết kế dữ liệu - 2 điểm (đạt khi ≥ 1)
A19: 3.1 | B19: ERD: ký hiệu và nội dung | C19: Nhóm | D19: 0.5 | E19: ERD vẽ bằng công cụ đồ họa, đúng một hệ ký hiệu, đủ thực thể, thuộc tính chính, khóa và lực lượng quan hệ. | F19: ERD đúng ký hiệu, đủ thực thể; thiếu lực lượng ở vài quan hệ hoặc thiếu thuộc tính chính. | G19: ERD lẫn lộn ký hiệu hoặc thiếu một thực thể. | H19: Chụp sơ đồ tự sinh không chỉnh sửa hoặc vẽ tay, thiếu nhiều thông tin. | I19: Chỉ chấm bản thân ERD; sự khớp với CSDL thật chấm ở 3.2. | J19: docs/ERD (file nguồn .drawio/dbdiagram + ảnh); báo cáo.
A20: 3.2 | B20: ERD khớp CSDL thật | C20: Nhóm | D20: 0.4 | E20: Mọi bảng, khóa ngoại trên server khớp ERD và ngược lại. | F20: Lệch 1–2 chi tiết nhỏ (tên cột, một quan hệ phụ). | G20: ERD là bản cũ, lệch nhiều so với CSDL hiện tại. | H20: ERD không tương ứng với CSDL. | I20: Đối chiếu kết quả truy vấn sys.foreign_keys trên server với ERD trong báo cáo. | J20: ERD bản cuối; truy vấn sys.foreign_keys tại buổi bảo vệ.
A21: 3.3 | B21: Sơ đồ tuần tự luồng realtime | C21: Nhóm | D21: 0.4 | E21: Thể hiện đủ các bên (ứng dụng nhân viên, API, thủ tục/SQL Server, gateway Socket.IO, room, ứng dụng khách), đúng thứ tự lưu trước gửi sau. | F21: Đủ các bên chính; thiếu một bước (ví dụ lưu thông báo) hoặc thứ tự chưa rõ. | G21: Chỉ thể hiện client ↔ server, thiếu CSDL hoặc room. | H21: Không đúng dạng sơ đồ tuần tự. | I21: So với cài đặt thật của nhóm (OrdersService, gateway). | J21: docs/so-do-tuan-tu; báo cáo; slide.
A22: 3.4 | B22: Sơ đồ luồng màn hình | C22: Nhóm | D22: 0.3 | E22: Đủ màn hình của ứng dụng, mũi tên ghi thao tác, phân biệt tab/stack/modal, khớp cấu trúc Expo Router. | F22: Đủ màn hình chính; thiếu nhãn thao tác hoặc chưa phân biệt kiểu điều hướng. | G22: Thiếu nhiều màn hình hoặc không khớp ứng dụng. | H22: Không có hoặc chỉ là danh sách màn hình. | I22: Đối chiếu với cây thư mục app/. | J22: docs/luong-man-hinh; báo cáo.
A23: 3.5 | B23: Chất lượng trình bày đồ họa | C23: Nhóm | D23: 0.2 | E23: Sơ đồ rõ nét, chữ đọc được trên máy chiếu, có chú thích, bố cục gọn; lưu cả file nguồn chỉnh sửa được. | F23: Rõ ràng, đọc được; thiếu chú thích hoặc file nguồn. | G23: Khó đọc (mờ, chữ nhỏ, chồng chéo) ở một số sơ đồ. | H23: Phần lớn sơ đồ không đọc được. | I23: Chấm trên slide chiếu ở Demo Day và bản báo cáo. | J23: Slide; báo cáo; thư mục docs/ (file nguồn).
A24: 3.6 | B24: Giải thích thiết kế bằng sơ đồ khi bảo vệ | C24: Cá nhân | D24: 0.2 | E24: Dùng sơ đồ giải thích quyết định thiết kế và lý do (ví dụ vì sao lưu UnitPrice), trả lời đúng câu hỏi về sơ đồ. | F24: Giải thích đúng nội dung sơ đồ; lý do thiết kế chưa rõ. | G24: Đọc lại sơ đồ, chưa giải thích được quyết định. | H24: Không giải thích được sơ đồ mình trình bày. | I24: Chấm cá nhân thành viên trình bày phần thiết kế; thành viên không trình bày sơ đồ thì hỏi một câu về ERD. | J24: Phần trình bày và hỏi đáp ở Demo Day.
A25: CLO4 (PLO5 / PI 5.2) - Thể hiện được vai trò cá nhân trong nhóm một cách rõ ràng - 3 điểm (đạt khi ≥ 1.5)
A26: 4.1 | B26: Đóng góp mã nguồn | C26: Cá nhân | D26: 0.6 | E26: Commit/PR đều đặn suốt các sprint, khớp phần việc được phân công, nội dung có ý nghĩa. | F26: Đóng góp rõ ràng, khớp phân công; tập trung vào vài thời điểm. | G26: Đóng góp ít hoặc dồn vào cuối kỳ. | H26: Gần như không có commit/PR của cá nhân. | I26: Xem GitHub Insights/Contributors và lịch sử PR; không chấm theo số dòng mã. Đóng góp không phải mã (sơ đồ, báo cáo) được tính nếu có minh chứng trong repo. | J26: Lịch sử commit/PR; docs/phan-vai.md; docs/traceability.md.
A27: 4.2 | B27: Hoàn thành nhiệm vụ đúng hạn | C27: Cá nhân | D27: 0.4 | E27: Hoàn thành mọi story được giao trong sprint cam kết. | F27: Hoàn thành phần lớn; một story trễ một sprint. | G27: Nhiều story trễ hoặc phải chuyển cho người khác. | H27: Không hoàn thành nhiệm vụ được giao. | I27: Đối chiếu board sprint (Jira/Trello/GitHub Projects) với người phụ trách từng story. | J27: Board sprint; biên bản Sprint Review; ma trận truy vết.
A28: 4.3 | B28: Báo cáo vai trò cá nhân | C28: Cá nhân | D28: 0.4 | E28: Báo cáo đủ mục (vai trò, đóng góp có link PR, khó khăn đã giải quyết, sử dụng AI, tự đánh giá), khớp lịch sử repo. | F28: Đủ mục, có link minh chứng; phần tự đánh giá hoặc khó khăn còn chung chung. | G28: Thiếu mục hoặc thiếu link minh chứng. | H28: Không nộp hoặc nội dung không khớp đóng góp thật. | I28: Kiểm tra ngẫu nhiên 2 link PR trong báo cáo. | J28: Báo cáo vai trò cá nhân nộp trên Moodle.
A29: 4.4 | B29: Trình bày phần phụ trách ở Demo Day | C29: Cá nhân | D29: 0.4 | E29: Tự trình bày phần mình phụ trách rõ ràng, đúng thời gian, demo trơn tru. | F29: Trình bày đúng nội dung; còn lúng túng hoặc quá giờ. | G29: Trình bày ngắn, phải để thành viên khác hỗ trợ. | H29: Không trình bày. | I29: Mỗi thành viên phải trình bày ít nhất một phần; ghi lại phần của từng người khi nhóm trình bày. | J29: Phần trình bày tại Demo Day.
A30: 4.5 | B30: Trả lời câu hỏi kỹ thuật (bảo vệ mã) | C30: Cá nhân | D30: 0.6 | E30: Giải thích chính xác đoạn mã mình commit, nêu được hệ quả khi thay đổi và lý do lựa chọn. | F30: Giải thích đúng đoạn mã; còn lúng túng ở câu hỏi thay đổi giả định. | G30: Giải thích được một phần, phải gợi ý nhiều. | H30: Không giải thích được mã mình commit. | I30: Chọn ngẫu nhiên đoạn mã của chính sinh viên (git blame). Theo quy định học phần, phần mã không giải thích được thì không tính điểm: có thể hạ điểm tiêu chí nhóm liên quan cho riêng sinh viên đó. | J30: Hỏi đáp tại Demo Day; lịch sử commit.
A31: 4.6 | B31: Sử dụng AI minh bạch | C31: Cá nhân | D31: 0.3 | E31: PROMPTS.md ghi prompt chính của mình kèm kết quả và phần đã sửa; chỉ ra được lỗi AI gây ra và cách phát hiện. | F31: Ghi prompt đầy đủ; chưa nêu phần sửa hoặc lỗi của AI. | G31: Ghi rất ít prompt so với lượng mã đóng góp. | H31: Không ghi prompt nào. | I31: Lọc PROMPTS.md theo tên sinh viên. | J31: PROMPTS.md; chương Sử dụng AI trong báo cáo.
A32: 4.7 | B32: Phối hợp nhóm và review chéo | C32: Cá nhân | D32: 0.3 | E32: Review PR của thành viên khác có nhận xét cụ thể; tham gia đều các buổi Sprint Review/Retrospective. | F32: Có review PR; tham gia phần lớn các buổi. | G32: Review hình thức (chỉ approve) hoặc vắng nhiều buổi. | H32: Không tham gia review hay sự kiện nhóm. | I32: Xem tab Pull requests (Reviewed by) và biên bản sprint. | J32: Lịch sử review PR; biên bản Sprint Review/Retrospective.

Sheet Bảng điểm
A1: STT | B1: MSSV | C1: Họ và tên | D1: Nhóm | E1: CLO1 (3 điểm) | M1: CLO2 (2 điểm) | S1: CLO3 (2 điểm) | Y1: CLO4 (3 điểm) | AF1: Điểm CLO | AJ1: Tổng (10) | AK1: Đạt CLO | AO1: Ghi chú
E2: 1.1 Sơ đồ chức năng và phạm vi | F2: 1.2 Luồng nghiệp vụ chính chạy end-to-end trên Android | G2: 1.3 Xác thực và phân quyền | H2: 1.4 Tích hợp tính năng thiết bị | I2: 1.5 Thông báo thời gian thực (Socket.IO) | J2: 1.6 Tổ chức thành phần và điều hướng | K2: 1.7 Xử lý lỗi và trạng thái dữ liệu | L2: 1.8 Kiểm thử và chất lượng | M2: 2.1 Mô hình bảng và chuẩn hóa | N2: 2.2 Khóa và quan hệ | O2: 2.3 Ràng buộc toàn vẹn | P2: 2.4 Bộ stored procedure và truy cập qua thủ tục | Q2: 2.5 Giao dịch và xử lý lỗi trong thủ tục | R2: 2.6 Script tái tạo và triển khai trên server Khoa | S2: 3.1 ERD: ký hiệu và nội dung | T2: 3.2 ERD khớp CSDL thật | U2: 3.3 Sơ đồ tuần tự luồng realtime | V2: 3.4 Sơ đồ luồng màn hình | W2: 3.5 Chất lượng trình bày đồ họa | X2: 3.6 Giải thích thiết kế bằng sơ đồ khi bảo vệ (CN) | Y2: 4.1 Đóng góp mã nguồn (CN) | Z2: 4.2 Hoàn thành nhiệm vụ đúng hạn (CN) | AA2: 4.3 Báo cáo vai trò cá nhân (CN) | AB2: 4.4 Trình bày phần phụ trách ở Demo Day (CN) | AC2: 4.5 Trả lời câu hỏi kỹ thuật (bảo vệ mã) (CN) | AD2: 4.6 Sử dụng AI minh bạch (CN) | AE2: 4.7 Phối hợp nhóm và review chéo (CN) | AF2: CLO1 | AG2: CLO2 | AH2: CLO3 | AI2: CLO4 | AK2: CLO1 | AL2: CLO2 | AM2: CLO3 | AN2: CLO4
E3: 0.4 | F3: 0.6 | G3: 0.4 | H3: 0.3 | I3: 0.4 | J3: 0.3 | K3: 0.3 | L3: 0.3 | M3: 0.4 | N3: 0.3 | O3: 0.3 | P3: 0.4 | Q3: 0.3 | R3: 0.3 | S3: 0.5 | T3: 0.4 | U3: 0.4 | V3: 0.3 | W3: 0.2 | X3: 0.2 | Y3: 0.6 | Z3: 0.4 | AA3: 0.4 | AB3: 0.4 | AC3: 0.6 | AD3: 0.3 | AE3: 0.3 | AF3: 3 | AG3: 2 | AH3: 2 | AI3: 3 | AJ3: 10 | AK3: ≥ 1.5 | AL3: ≥ 1 | AM3: ≥ 1 | AN3: ≥ 1.5
A4: 1 | AF4: =IF(COUNT(E4:L4)=8,ROUND(SUM(E4:L4),2),"") | AG4: =IF(COUNT(M4:R4)=6,ROUND(SUM(M4:R4),2),"") | AH4: =IF(COUNT(S4:X4)=6,ROUND(SUM(S4:X4),2),"") | AI4: =IF(COUNT(Y4:AE4)=7,ROUND(SUM(Y4:AE4),2),"") | AJ4: =IF(COUNT(AF4:AI4)=4,ROUND(SUM(AF4:AI4),2),"") | AK4: =IF(AF4="","",IF(AF4>=1.5,"Đạt","Chưa đạt")) | AL4: =IF(AG4="","",IF(AG4>=1.0,"Đạt","Chưa đạt")) | AM4: =IF(AH4="","",IF(AH4>=1.0,"Đạt","Chưa đạt")) | AN4: =IF(AI4="","",IF(AI4>=1.5,"Đạt","Chưa đạt"))
A5: 2 | AF5: =IF(COUNT(E5:L5)=8,ROUND(SUM(E5:L5),2),"") | AG5: =IF(COUNT(M5:R5)=6,ROUND(SUM(M5:R5),2),"") | AH5: =IF(COUNT(S5:X5)=6,ROUND(SUM(S5:X5),2),"") | AI5: =IF(COUNT(Y5:AE5)=7,ROUND(SUM(Y5:AE5),2),"") | AJ5: =IF(COUNT(AF5:AI5)=4,ROUND(SUM(AF5:AI5),2),"") | AK5: =IF(AF5="","",IF(AF5>=1.5,"Đạt","Chưa đạt")) | AL5: =IF(AG5="","",IF(AG5>=1.0,"Đạt","Chưa đạt")) | AM5: =IF(AH5="","",IF(AH5>=1.0,"Đạt","Chưa đạt")) | AN5: =IF(AI5="","",IF(AI5>=1.5,"Đạt","Chưa đạt"))
A6: 3 | AF6: =IF(COUNT(E6:L6)=8,ROUND(SUM(E6:L6),2),"") | AG6: =IF(COUNT(M6:R6)=6,ROUND(SUM(M6:R6),2),"") | AH6: =IF(COUNT(S6:X6)=6,ROUND(SUM(S6:X6),2),"") | AI6: =IF(COUNT(Y6:AE6)=7,ROUND(SUM(Y6:AE6),2),"") | AJ6: =IF(COUNT(AF6:AI6)=4,ROUND(SUM(AF6:AI6),2),"") | AK6: =IF(AF6="","",IF(AF6>=1.5,"Đạt","Chưa đạt")) | AL6: =IF(AG6="","",IF(AG6>=1.0,"Đạt","Chưa đạt")) | AM6: =IF(AH6="","",IF(AH6>=1.0,"Đạt","Chưa đạt")) | AN6: =IF(AI6="","",IF(AI6>=1.5,"Đạt","Chưa đạt"))
A7: 4 | AF7: =IF(COUNT(E7:L7)=8,ROUND(SUM(E7:L7),2),"") | AG7: =IF(COUNT(M7:R7)=6,ROUND(SUM(M7:R7),2),"") | AH7: =IF(COUNT(S7:X7)=6,ROUND(SUM(S7:X7),2),"") | AI7: =IF(COUNT(Y7:AE7)=7,ROUND(SUM(Y7:AE7),2),"") | AJ7: =IF(COUNT(AF7:AI7)=4,ROUND(SUM(AF7:AI7),2),"") | AK7: =IF(AF7="","",IF(AF7>=1.5,"Đạt","Chưa đạt")) | AL7: =IF(AG7="","",IF(AG7>=1.0,"Đạt","Chưa đạt")) | AM7: =IF(AH7="","",IF(AH7>=1.0,"Đạt","Chưa đạt")) | AN7: =IF(AI7="","",IF(AI7>=1.5,"Đạt","Chưa đạt"))
A8: 5 | AF8: =IF(COUNT(E8:L8)=8,ROUND(SUM(E8:L8),2),"") | AG8: =IF(COUNT(M8:R8)=6,ROUND(SUM(M8:R8),2),"") | AH8: =IF(COUNT(S8:X8)=6,ROUND(SUM(S8:X8),2),"") | AI8: =IF(COUNT(Y8:AE8)=7,ROUND(SUM(Y8:AE8),2),"") | AJ8: =IF(COUNT(AF8:AI8)=4,ROUND(SUM(AF8:AI8),2),"") | AK8: =IF(AF8="","",IF(AF8>=1.5,"Đạt","Chưa đạt")) | AL8: =IF(AG8="","",IF(AG8>=1.0,"Đạt","Chưa đạt")) | AM8: =IF(AH8="","",IF(AH8>=1.0,"Đạt","Chưa đạt")) | AN8: =IF(AI8="","",IF(AI8>=1.5,"Đạt","Chưa đạt"))
A9: 6 | AF9: =IF(COUNT(E9:L9)=8,ROUND(SUM(E9:L9),2),"") | AG9: =IF(COUNT(M9:R9)=6,ROUND(SUM(M9:R9),2),"") | AH9: =IF(COUNT(S9:X9)=6,ROUND(SUM(S9:X9),2),"") | AI9: =IF(COUNT(Y9:AE9)=7,ROUND(SUM(Y9:AE9),2),"") | AJ9: =IF(COUNT(AF9:AI9)=4,ROUND(SUM(AF9:AI9),2),"") | AK9: =IF(AF9="","",IF(AF9>=1.5,"Đạt","Chưa đạt")) | AL9: =IF(AG9="","",IF(AG9>=1.0,"Đạt","Chưa đạt")) | AM9: =IF(AH9="","",IF(AH9>=1.0,"Đạt","Chưa đạt")) | AN9: =IF(AI9="","",IF(AI9>=1.5,"Đạt","Chưa đạt"))
A10: 7 | AF10: =IF(COUNT(E10:L10)=8,ROUND(SUM(E10:L10),2),"") | AG10: =IF(COUNT(M10:R10)=6,ROUND(SUM(M10:R10),2),"") | AH10: =IF(COUNT(S10:X10)=6,ROUND(SUM(S10:X10),2),"") | AI10: =IF(COUNT(Y10:AE10)=7,ROUND(SUM(Y10:AE10),2),"") | AJ10: =IF(COUNT(AF10:AI10)=4,ROUND(SUM(AF10:AI10),2),"") | AK10: =IF(AF10="","",IF(AF10>=1.5,"Đạt","Chưa đạt")) | AL10: =IF(AG10="","",IF(AG10>=1.0,"Đạt","Chưa đạt")) | AM10: =IF(AH10="","",IF(AH10>=1.0,"Đạt","Chưa đạt")) | AN10: =IF(AI10="","",IF(AI10>=1.5,"Đạt","Chưa đạt"))
A11: 8 | AF11: =IF(COUNT(E11:L11)=8,ROUND(SUM(E11:L11),2),"") | AG11: =IF(COUNT(M11:R11)=6,ROUND(SUM(M11:R11),2),"") | AH11: =IF(COUNT(S11:X11)=6,ROUND(SUM(S11:X11),2),"") | AI11: =IF(COUNT(Y11:AE11)=7,ROUND(SUM(Y11:AE11),2),"") | AJ11: =IF(COUNT(AF11:AI11)=4,ROUND(SUM(AF11:AI11),2),"") | AK11: =IF(AF11="","",IF(AF11>=1.5,"Đạt","Chưa đạt")) | AL11: =IF(AG11="","",IF(AG11>=1.0,"Đạt","Chưa đạt")) | AM11: =IF(AH11="","",IF(AH11>=1.0,"Đạt","Chưa đạt")) | AN11: =IF(AI11="","",IF(AI11>=1.5,"Đạt","Chưa đạt"))
A12: 9 | AF12: =IF(COUNT(E12:L12)=8,ROUND(SUM(E12:L12),2),"") | AG12: =IF(COUNT(M12:R12)=6,ROUND(SUM(M12:R12),2),"") | AH12: =IF(COUNT(S12:X12)=6,ROUND(SUM(S12:X12),2),"") | AI12: =IF(COUNT(Y12:AE12)=7,ROUND(SUM(Y12:AE12),2),"") | AJ12: =IF(COUNT(AF12:AI12)=4,ROUND(SUM(AF12:AI12),2),"") | AK12: =IF(AF12="","",IF(AF12>=1.5,"Đạt","Chưa đạt")) | AL12: =IF(AG12="","",IF(AG12>=1.0,"Đạt","Chưa đạt")) | AM12: =IF(AH12="","",IF(AH12>=1.0,"Đạt","Chưa đạt")) | AN12: =IF(AI12="","",IF(AI12>=1.5,"Đạt","Chưa đạt"))
A13: 10 | AF13: =IF(COUNT(E13:L13)=8,ROUND(SUM(E13:L13),2),"") | AG13: =IF(COUNT(M13:R13)=6,ROUND(SUM(M13:R13),2),"") | AH13: =IF(COUNT(S13:X13)=6,ROUND(SUM(S13:X13),2),"") | AI13: =IF(COUNT(Y13:AE13)=7,ROUND(SUM(Y13:AE13),2),"") | AJ13: =IF(COUNT(AF13:AI13)=4,ROUND(SUM(AF13:AI13),2),"") | AK13: =IF(AF13="","",IF(AF13>=1.5,"Đạt","Chưa đạt")) | AL13: =IF(AG13="","",IF(AG13>=1.0,"Đạt","Chưa đạt")) | AM13: =IF(AH13="","",IF(AH13>=1.0,"Đạt","Chưa đạt")) | AN13: =IF(AI13="","",IF(AI13>=1.5,"Đạt","Chưa đạt"))
A14: 11 | AF14: =IF(COUNT(E14:L14)=8,ROUND(SUM(E14:L14),2),"") | AG14: =IF(COUNT(M14:R14)=6,ROUND(SUM(M14:R14),2),"") | AH14: =IF(COUNT(S14:X14)=6,ROUND(SUM(S14:X14),2),"") | AI14: =IF(COUNT(Y14:AE14)=7,ROUND(SUM(Y14:AE14),2),"") | AJ14: =IF(COUNT(AF14:AI14)=4,ROUND(SUM(AF14:AI14),2),"") | AK14: =IF(AF14="","",IF(AF14>=1.5,"Đạt","Chưa đạt")) | AL14: =IF(AG14="","",IF(AG14>=1.0,"Đạt","Chưa đạt")) | AM14: =IF(AH14="","",IF(AH14>=1.0,"Đạt","Chưa đạt")) | AN14: =IF(AI14="","",IF(AI14>=1.5,"Đạt","Chưa đạt"))
A15: 12 | AF15: =IF(COUNT(E15:L15)=8,ROUND(SUM(E15:L15),2),"") | AG15: =IF(COUNT(M15:R15)=6,ROUND(SUM(M15:R15),2),"") | AH15: =IF(COUNT(S15:X15)=6,ROUND(SUM(S15:X15),2),"") | AI15: =IF(COUNT(Y15:AE15)=7,ROUND(SUM(Y15:AE15),2),"") | AJ15: =IF(COUNT(AF15:AI15)=4,ROUND(SUM(AF15:AI15),2),"") | AK15: =IF(AF15="","",IF(AF15>=1.5,"Đạt","Chưa đạt")) | AL15: =IF(AG15="","",IF(AG15>=1.0,"Đạt","Chưa đạt")) | AM15: =IF(AH15="","",IF(AH15>=1.0,"Đạt","Chưa đạt")) | AN15: =IF(AI15="","",IF(AI15>=1.5,"Đạt","Chưa đạt"))
... A63: 60 | AF63: =IF(COUNT(E63:L63)=8,ROUND(SUM(E63:L63),2),"") | AG63: =IF(COUNT(M63:R63)=6,ROUND(SUM(M63:R63),2),"") | AH63: =IF(COUNT(S63:X63)=6,ROUND(SUM(S63:X63),2),"") | AI63: =IF(COUNT(Y63:AE63)=7,ROUND(SUM(Y63:AE63),2),"") | AJ63: =IF(COUNT(AF63:AI63)=4,ROUND(SUM(AF63:AI63),2),"") | AK63: =IF(AF63="","",IF(AF63>=1.5,"Đạt","Chưa đạt")) | AL63: =IF(AG63="","",IF(AG63>=1.0,"Đạt","Chưa đạt")) | AM63: =IF(AH63="","",IF(AH63>=1.0,"Đạt","Chưa đạt")) | AN63: =IF(AI63="","",IF(AI63>=1.5,"Đạt","Chưa đạt"))

Sheet Mức đạt CLO
A1: MỨC ĐẠT CLO - Lập trình ứng dụng di động (111114)
A2: Sinh viên đạt một CLO khi được ít nhất 50% điểm tối đa của CLO đó. CLO đạt ở cấp lớp khi ít nhất 75% số sinh viên đạt.
A4: CLO | B4: Nội dung | C4: Điểm tối đa | D4: Ngưỡng SV đạt | E4: Số SV có điểm | F4: Số SV đạt | G4: Tỷ lệ đạt | H4: Điểm TB | I4: Kết luận cấp lớp
A5: CLO1 | B5: Thiết kế các thành phần chức năng của ứng dụng di động đáp ứng các yêu cầu đặt ra | C5: 3 | D5: 1.5 | E5: =COUNT('Bảng điểm'!AF4:AF63) | F5: =COUNTIF('Bảng điểm'!AK4:AK63,"Đạt") | G5: =IF(E5=0,"",F5/E5) | H5: =IF(E5=0,"",ROUND(AVERAGE('Bảng điểm'!AF4:AF63),2)) | I5: =IF(E5=0,"",IF(G5>=0.75,"Đạt","Chưa đạt"))
A6: CLO2 | B6: Thiết kế cơ sở dữ liệu đáp ứng cấu trúc dữ liệu phù hợp yêu cầu đặc tả | C6: 2 | D6: 1 | E6: =COUNT('Bảng điểm'!AG4:AG63) | F6: =COUNTIF('Bảng điểm'!AL4:AL63,"Đạt") | G6: =IF(E6=0,"",F6/E6) | H6: =IF(E6=0,"",ROUND(AVERAGE('Bảng điểm'!AG4:AG63),2)) | I6: =IF(E6=0,"",IF(G6>=0.75,"Đạt","Chưa đạt"))
A7: CLO3 | B7: Sử dụng được các công cụ đồ họa để trình bày các ý tưởng thiết kế dữ liệu | C7: 2 | D7: 1 | E7: =COUNT('Bảng điểm'!AH4:AH63) | F7: =COUNTIF('Bảng điểm'!AM4:AM63,"Đạt") | G7: =IF(E7=0,"",F7/E7) | H7: =IF(E7=0,"",ROUND(AVERAGE('Bảng điểm'!AH4:AH63),2)) | I7: =IF(E7=0,"",IF(G7>=0.75,"Đạt","Chưa đạt"))
A8: CLO4 | B8: Thể hiện được vai trò cá nhân trong nhóm một cách rõ ràng | C8: 3 | D8: 1.5 | E8: =COUNT('Bảng điểm'!AI4:AI63) | F8: =COUNTIF('Bảng điểm'!AN4:AN63,"Đạt") | G8: =IF(E8=0,"",F8/E8) | H8: =IF(E8=0,"",ROUND(AVERAGE('Bảng điểm'!AI4:AI63),2)) | I8: =IF(E8=0,"",IF(G8>=0.75,"Đạt","Chưa đạt"))
A10: Điểm trung bình theo tiêu chí
A11: Mã | B11: Tiêu chí | C11: Điểm tối đa | D11: Phạm vi | E11: Số SV có điểm | F11: Điểm TB | G11: TB / tối đa
A12: 1.1 | B12: Sơ đồ chức năng và phạm vi | C12: 0.4 | D12: Nhóm | E12: =COUNT('Bảng điểm'!E4:E63) | F12: =IF(E12=0,"",ROUND(AVERAGE('Bảng điểm'!E4:E63),2)) | G12: =IF(E12=0,"",F12/C12)
A13: 1.2 | B13: Luồng nghiệp vụ chính chạy end-to-end trên Android | C13: 0.6 | D13: Nhóm | E13: =COUNT('Bảng điểm'!F4:F63) | F13: =IF(E13=0,"",ROUND(AVERAGE('Bảng điểm'!F4:F63),2)) | G13: =IF(E13=0,"",F13/C13)
A14: 1.3 | B14: Xác thực và phân quyền | C14: 0.4 | D14: Nhóm | E14: =COUNT('Bảng điểm'!G4:G63) | F14: =IF(E14=0,"",ROUND(AVERAGE('Bảng điểm'!G4:G63),2)) | G14: =IF(E14=0,"",F14/C14)
A15: 1.4 | B15: Tích hợp tính năng thiết bị | C15: 0.3 | D15: Nhóm | E15: =COUNT('Bảng điểm'!H4:H63) | F15: =IF(E15=0,"",ROUND(AVERAGE('Bảng điểm'!H4:H63),2)) | G15: =IF(E15=0,"",F15/C15)
A16: 1.5 | B16: Thông báo thời gian thực (Socket.IO) | C16: 0.4 | D16: Nhóm | E16: =COUNT('Bảng điểm'!I4:I63) | F16: =IF(E16=0,"",ROUND(AVERAGE('Bảng điểm'!I4:I63),2)) | G16: =IF(E16=0,"",F16/C16)
A17: 1.6 | B17: Tổ chức thành phần và điều hướng | C17: 0.3 | D17: Nhóm | E17: =COUNT('Bảng điểm'!J4:J63) | F17: =IF(E17=0,"",ROUND(AVERAGE('Bảng điểm'!J4:J63),2)) | G17: =IF(E17=0,"",F17/C17)
A18: 1.7 | B18: Xử lý lỗi và trạng thái dữ liệu | C18: 0.3 | D18: Nhóm | E18: =COUNT('Bảng điểm'!K4:K63) | F18: =IF(E18=0,"",ROUND(AVERAGE('Bảng điểm'!K4:K63),2)) | G18: =IF(E18=0,"",F18/C18)
A19: 1.8 | B19: Kiểm thử và chất lượng | C19: 0.3 | D19: Nhóm | E19: =COUNT('Bảng điểm'!L4:L63) | F19: =IF(E19=0,"",ROUND(AVERAGE('Bảng điểm'!L4:L63),2)) | G19: =IF(E19=0,"",F19/C19)
A20: 2.1 | B20: Mô hình bảng và chuẩn hóa | C20: 0.4 | D20: Nhóm | E20: =COUNT('Bảng điểm'!M4:M63) | F20: =IF(E20=0,"",ROUND(AVERAGE('Bảng điểm'!M4:M63),2)) | G20: =IF(E20=0,"",F20/C20)
A21: 2.2 | B21: Khóa và quan hệ | C21: 0.3 | D21: Nhóm | E21: =COUNT('Bảng điểm'!N4:N63) | F21: =IF(E21=0,"",ROUND(AVERAGE('Bảng điểm'!N4:N63),2)) | G21: =IF(E21=0,"",F21/C21)
A22: 2.3 | B22: Ràng buộc toàn vẹn | C22: 0.3 | D22: Nhóm | E22: =COUNT('Bảng điểm'!O4:O63) | F22: =IF(E22=0,"",ROUND(AVERAGE('Bảng điểm'!O4:O63),2)) | G22: =IF(E22=0,"",F22/C22)
A23: 2.4 | B23: Bộ stored procedure và truy cập qua thủ tục | C23: 0.4 | D23: Nhóm | E23: =COUNT('Bảng điểm'!P4:P63) | F23: =IF(E23=0,"",ROUND(AVERAGE('Bảng điểm'!P4:P63),2)) | G23: =IF(E23=0,"",F23/C23)
A24: 2.5 | B24: Giao dịch và xử lý lỗi trong thủ tục | C24: 0.3 | D24: Nhóm | E24: =COUNT('Bảng điểm'!Q4:Q63) | F24: =IF(E24=0,"",ROUND(AVERAGE('Bảng điểm'!Q4:Q63),2)) | G24: =IF(E24=0,"",F24/C24)
A25: 2.6 | B25: Script tái tạo và triển khai trên server Khoa | C25: 0.3 | D25: Nhóm | E25: =COUNT('Bảng điểm'!R4:R63) | F25: =IF(E25=0,"",ROUND(AVERAGE('Bảng điểm'!R4:R63),2)) | G25: =IF(E25=0,"",F25/C25)
A26: 3.1 | B26: ERD: ký hiệu và nội dung | C26: 0.5 | D26: Nhóm | E26: =COUNT('Bảng điểm'!S4:S63) | F26: =IF(E26=0,"",ROUND(AVERAGE('Bảng điểm'!S4:S63),2)) | G26: =IF(E26=0,"",F26/C26)
A27: 3.2 | B27: ERD khớp CSDL thật | C27: 0.4 | D27: Nhóm | E27: =COUNT('Bảng điểm'!T4:T63) | F27: =IF(E27=0,"",ROUND(AVERAGE('Bảng điểm'!T4:T63),2)) | G27: =IF(E27=0,"",F27/C27)
A28: 3.3 | B28: Sơ đồ tuần tự luồng realtime | C28: 0.4 | D28: Nhóm | E28: =COUNT('Bảng điểm'!U4:U63) | F28: =IF(E28=0,"",ROUND(AVERAGE('Bảng điểm'!U4:U63),2)) | G28: =IF(E28=0,"",F28/C28)
A29: 3.4 | B29: Sơ đồ luồng màn hình | C29: 0.3 | D29: Nhóm | E29: =COUNT('Bảng điểm'!V4:V63) | F29: =IF(E29=0,"",ROUND(AVERAGE('Bảng điểm'!V4:V63),2)) | G29: =IF(E29=0,"",F29/C29)
A30: 3.5 | B30: Chất lượng trình bày đồ họa | C30: 0.2 | D30: Nhóm | E30: =COUNT('Bảng điểm'!W4:W63) | F30: =IF(E30=0,"",ROUND(AVERAGE('Bảng điểm'!W4:W63),2)) | G30: =IF(E30=0,"",F30/C30)
A31: 3.6 | B31: Giải thích thiết kế bằng sơ đồ khi bảo vệ | C31: 0.2 | D31: Cá nhân | E31: =COUNT('Bảng điểm'!X4:X63) | F31: =IF(E31=0,"",ROUND(AVERAGE('Bảng điểm'!X4:X63),2)) | G31: =IF(E31=0,"",F31/C31)
A32: 4.1 | B32: Đóng góp mã nguồn | C32: 0.6 | D32: Cá nhân | E32: =COUNT('Bảng điểm'!Y4:Y63) | F32: =IF(E32=0,"",ROUND(AVERAGE('Bảng điểm'!Y4:Y63),2)) | G32: =IF(E32=0,"",F32/C32)
A33: 4.2 | B33: Hoàn thành nhiệm vụ đúng hạn | C33: 0.4 | D33: Cá nhân | E33: =COUNT('Bảng điểm'!Z4:Z63) | F33: =IF(E33=0,"",ROUND(AVERAGE('Bảng điểm'!Z4:Z63),2)) | G33: =IF(E33=0,"",F33/C33)
A34: 4.3 | B34: Báo cáo vai trò cá nhân | C34: 0.4 | D34: Cá nhân | E34: =COUNT('Bảng điểm'!AA4:AA63) | F34: =IF(E34=0,"",ROUND(AVERAGE('Bảng điểm'!AA4:AA63),2)) | G34: =IF(E34=0,"",F34/C34)
A35: 4.4 | B35: Trình bày phần phụ trách ở Demo Day | C35: 0.4 | D35: Cá nhân | E35: =COUNT('Bảng điểm'!AB4:AB63) | F35: =IF(E35=0,"",ROUND(AVERAGE('Bảng điểm'!AB4:AB63),2)) | G35: =IF(E35=0,"",F35/C35)
A36: 4.5 | B36: Trả lời câu hỏi kỹ thuật (bảo vệ mã) | C36: 0.6 | D36: Cá nhân | E36: =COUNT('Bảng điểm'!AC4:AC63) | F36: =IF(E36=0,"",ROUND(AVERAGE('Bảng điểm'!AC4:AC63),2)) | G36: =IF(E36=0,"",F36/C36)
A37: 4.6 | B37: Sử dụng AI minh bạch | C37: 0.3 | D37: Cá nhân | E37: =COUNT('Bảng điểm'!AD4:AD63) | F37: =IF(E37=0,"",ROUND(AVERAGE('Bảng điểm'!AD4:AD63),2)) | G37: =IF(E37=0,"",F37/C37)
A38: 4.7 | B38: Phối hợp nhóm và review chéo | C38: 0.3 | D38: Cá nhân | E38: =COUNT('Bảng điểm'!AE4:AE63) | F38: =IF(E38=0,"",ROUND(AVERAGE('Bảng điểm'!AE4:AE63),2)) | G38: =IF(E38=0,"",F38/C38)
